<?xml version="1.0" encoding="UTF-8"?>
<kml xmlns="http://www.opengis.net/kml/2.2">
  <Document>
    <name>Rectify VIC Jobs</name>
    <description><![CDATA[Jobs we've done in VIC]]></description>
    <Style id="icon-1899-0288D1-nodesc-normal">
      <IconStyle>
        <scale>1</scale>
        <Icon>
          <href>images/icon-1.png</href>
        </Icon>
        <hotSpot x="32" xunits="pixels" y="64" yunits="insetPixels"/>
      </IconStyle>
      <LabelStyle>
        <scale>0</scale>
      </LabelStyle>
      <BalloonStyle>
        <text><![CDATA[<h3>$[name]</h3>]]></text>
      </BalloonStyle>
    </Style>
    <Style id="icon-1899-0288D1-nodesc-highlight">
      <IconStyle>
        <scale>1</scale>
        <Icon>
          <href>images/icon-1.png</href>
        </Icon>
        <hotSpot x="32" xunits="pixels" y="64" yunits="insetPixels"/>
      </IconStyle>
      <LabelStyle>
        <scale>1</scale>
      </LabelStyle>
      <BalloonStyle>
        <text><![CDATA[<h3>$[name]</h3>]]></text>
      </BalloonStyle>
    </Style>
    <StyleMap id="icon-1899-0288D1-nodesc">
      <Pair>
        <key>normal</key>
        <styleUrl>#icon-1899-0288D1-nodesc-normal</styleUrl>
      </Pair>
      <Pair>
        <key>highlight</key>
        <styleUrl>#icon-1899-0288D1-nodesc-highlight</styleUrl>
      </Pair>
    </StyleMap>
    <Style id="icon-1899-FF5252-normal">
      <IconStyle>
        <scale>1</scale>
        <Icon>
          <href>images/icon-2.png</href>
        </Icon>
        <hotSpot x="32" xunits="pixels" y="64" yunits="insetPixels"/>
      </IconStyle>
      <LabelStyle>
        <scale>0</scale>
      </LabelStyle>
    </Style>
    <Style id="icon-1899-FF5252-highlight">
      <IconStyle>
        <scale>1</scale>
        <Icon>
          <href>images/icon-2.png</href>
        </Icon>
        <hotSpot x="32" xunits="pixels" y="64" yunits="insetPixels"/>
      </IconStyle>
      <LabelStyle>
        <scale>1</scale>
      </LabelStyle>
    </Style>
    <StyleMap id="icon-1899-FF5252">
      <Pair>
        <key>normal</key>
        <styleUrl>#icon-1899-FF5252-normal</styleUrl>
      </Pair>
      <Pair>
        <key>highlight</key>
        <styleUrl>#icon-1899-FF5252-highlight</styleUrl>
      </Pair>
    </StyleMap>
    <Style id="icon-1899-FF5252-nodesc-normal">
      <IconStyle>
        <scale>1</scale>
        <Icon>
          <href>images/icon-2.png</href>
        </Icon>
        <hotSpot x="32" xunits="pixels" y="64" yunits="insetPixels"/>
      </IconStyle>
      <LabelStyle>
        <scale>0</scale>
      </LabelStyle>
      <BalloonStyle>
        <text><![CDATA[<h3>$[name]</h3>]]></text>
      </BalloonStyle>
    </Style>
    <Style id="icon-1899-FF5252-nodesc-highlight">
      <IconStyle>
        <scale>1</scale>
        <Icon>
          <href>images/icon-2.png</href>
        </Icon>
        <hotSpot x="32" xunits="pixels" y="64" yunits="insetPixels"/>
      </IconStyle>
      <LabelStyle>
        <scale>1</scale>
      </LabelStyle>
      <BalloonStyle>
        <text><![CDATA[<h3>$[name]</h3>]]></text>
      </BalloonStyle>
    </Style>
    <StyleMap id="icon-1899-FF5252-nodesc">
      <Pair>
        <key>normal</key>
        <styleUrl>#icon-1899-FF5252-nodesc-normal</styleUrl>
      </Pair>
      <Pair>
        <key>highlight</key>
        <styleUrl>#icon-1899-FF5252-nodesc-highlight</styleUrl>
      </Pair>
    </StyleMap>
    <Style id="poly-000000-1200-77-nodesc-normal">
      <LineStyle>
        <color>ff000000</color>
        <width>1.2</width>
      </LineStyle>
      <PolyStyle>
        <color>4d000000</color>
        <fill>1</fill>
        <outline>1</outline>
      </PolyStyle>
      <BalloonStyle>
        <text><![CDATA[<h3>$[name]</h3>]]></text>
      </BalloonStyle>
    </Style>
    <Style id="poly-000000-1200-77-nodesc-highlight">
      <LineStyle>
        <color>ff000000</color>
        <width>1.8</width>
      </LineStyle>
      <PolyStyle>
        <color>4d000000</color>
        <fill>1</fill>
        <outline>1</outline>
      </PolyStyle>
      <BalloonStyle>
        <text><![CDATA[<h3>$[name]</h3>]]></text>
      </BalloonStyle>
    </Style>
    <StyleMap id="poly-000000-1200-77-nodesc">
      <Pair>
        <key>normal</key>
        <styleUrl>#poly-000000-1200-77-nodesc-normal</styleUrl>
      </Pair>
      <Pair>
        <key>highlight</key>
        <styleUrl>#poly-000000-1200-77-nodesc-highlight</styleUrl>
      </Pair>
    </StyleMap>
    <Folder>
      <name>Resin Injection</name>
      <Placemark>
        <name>1 Uplands Pl</name>
        <styleUrl>#icon-1899-0288D1-nodesc</styleUrl>
        <Point>
          <coordinates>
            144.9893458,-37.6751571,0
          </coordinates>
        </Point>
      </Placemark>
      <Placemark>
        <name>Unit 1/280 Wantirna Rd</name>
        <styleUrl>#icon-1899-0288D1-nodesc</styleUrl>
        <Point>
          <coordinates>
            145.2270621,-37.8417778,0
          </coordinates>
        </Point>
      </Placemark>
      <Placemark>
        <name>Flyers dropped 30 Jan</name>
        <styleUrl>#poly-000000-1200-77-nodesc</styleUrl>
        <Polygon>
          <outerBoundaryIs>
            <LinearRing>
              <tessellate>1</tessellate>
              <coordinates>
                145.0006549,-37.8106324,0
                144.9991743,-37.8184301,0
                145.008444,-37.8194471,0
                145.0097744,-37.8114969,0
                145.0006549,-37.8106324,0
              </coordinates>
            </LinearRing>
          </outerBoundaryIs>
        </Polygon>
      </Placemark>
      <Placemark>
        <name>19/12 Short St</name>
        <styleUrl>#icon-1899-0288D1-nodesc</styleUrl>
        <Point>
          <coordinates>
            145.1899821,-37.8353637,0
          </coordinates>
        </Point>
      </Placemark>
      <Placemark>
        <name>Queens College</name>
        <styleUrl>#icon-1899-0288D1-nodesc</styleUrl>
        <Point>
          <coordinates>
            144.9642401,-37.7932401,0
          </coordinates>
        </Point>
      </Placemark>
      <Placemark>
        <name>13 Pacific Dr</name>
        <styleUrl>#icon-1899-0288D1-nodesc</styleUrl>
        <Point>
          <coordinates>
            144.3409294,-38.3110818,0
          </coordinates>
        </Point>
      </Placemark>
      <Placemark>
        <name>65A Woodacres Rd</name>
        <styleUrl>#icon-1899-0288D1-nodesc</styleUrl>
        <Point>
          <coordinates>
            144.2422531,-38.351523,0
          </coordinates>
        </Point>
      </Placemark>
      <Placemark>
        <name>900 Park St</name>
        <styleUrl>#icon-1899-0288D1-nodesc</styleUrl>
        <Point>
          <coordinates>
            144.9456543,-37.7770583,0
          </coordinates>
        </Point>
      </Placemark>
      <Placemark>
        <name>74 Tennyson St</name>
        <styleUrl>#icon-1899-0288D1-nodesc</styleUrl>
        <Point>
          <coordinates>
            144.9286032,-37.7986736,0
          </coordinates>
        </Point>
      </Placemark>
      <Placemark>
        <name>1993 Malvern Rd</name>
        <styleUrl>#icon-1899-0288D1-nodesc</styleUrl>
        <Point>
          <coordinates>
            145.0629321,-37.8717394,0
          </coordinates>
        </Point>
      </Placemark>
      <Placemark>
        <name>19-21 Sarton Rd</name>
        <styleUrl>#icon-1899-0288D1-nodesc</styleUrl>
        <Point>
          <coordinates>
            145.144155,-37.9190111,0
          </coordinates>
        </Point>
      </Placemark>
      <Placemark>
        <name>22 Noarana Dr</name>
        <styleUrl>#icon-1899-0288D1-nodesc</styleUrl>
        <Point>
          <coordinates>
            145.9643544,-36.5805922,0
          </coordinates>
        </Point>
      </Placemark>
      <Placemark>
        <name>8 Mount St</name>
        <styleUrl>#icon-1899-0288D1-nodesc</styleUrl>
        <Point>
          <coordinates>
            145.059911,-37.7650717,0
          </coordinates>
        </Point>
      </Placemark>
      <Placemark>
        <name>102 Boes Rd</name>
        <styleUrl>#icon-1899-0288D1-nodesc</styleUrl>
        <Point>
          <coordinates>
            145.1668173,-38.2619416,0
          </coordinates>
        </Point>
      </Placemark>
      <Placemark>
        <name>122 Keele St</name>
        <styleUrl>#icon-1899-0288D1-nodesc</styleUrl>
        <Point>
          <coordinates>
            144.9912802,-37.7973711,0
          </coordinates>
        </Point>
      </Placemark>
      <Placemark>
        <name>22 Churchill St</name>
        <styleUrl>#icon-1899-0288D1-nodesc</styleUrl>
        <Point>
          <coordinates>
            145.1084708,-37.8187902,0
          </coordinates>
        </Point>
      </Placemark>
      <Placemark>
        <name>10 Leonard Ave</name>
        <styleUrl>#icon-1899-0288D1-nodesc</styleUrl>
        <Point>
          <coordinates>
            144.9302008,-37.7054021,0
          </coordinates>
        </Point>
      </Placemark>
      <Placemark>
        <name>1 Amsted Rd</name>
        <styleUrl>#icon-1899-0288D1-nodesc</styleUrl>
        <Point>
          <coordinates>
            145.284503,-37.8446425,0
          </coordinates>
        </Point>
      </Placemark>
      <Placemark>
        <name>4 Cuckoo St</name>
        <styleUrl>#icon-1899-0288D1-nodesc</styleUrl>
        <Point>
          <coordinates>
            145.0920271,-37.6282842,0
          </coordinates>
        </Point>
      </Placemark>
      <Placemark>
        <name>69 Park Cres</name>
        <styleUrl>#icon-1899-0288D1-nodesc</styleUrl>
        <Point>
          <coordinates>
            144.8794182,-37.8559135,0
          </coordinates>
        </Point>
      </Placemark>
      <Placemark>
        <name>97 Ridgeway Parade</name>
        <styleUrl>#icon-1899-0288D1-nodesc</styleUrl>
        <Point>
          <coordinates>
            144.8042595,-37.7836984,0
          </coordinates>
        </Point>
      </Placemark>
    </Folder>
    <Folder>
      <name><![CDATA[All Resin Job Address's]]></name>
      <Placemark>
        <name>5 Smith Road </name>
        <address>5 Smith Road  The Gurdies</address>
        <description>The Gurdies</description>
        <styleUrl>#icon-1899-FF5252</styleUrl>
      </Placemark>
      <Placemark>
        <name>3 Mountain Heath Walk</name>
        <address>3 Mountain Heath Walk  Croydon South</address>
        <description>Croydon South</description>
        <styleUrl>#icon-1899-FF5252</styleUrl>
      </Placemark>
      <Placemark>
        <name>4 Harding Street </name>
        <address>4 Harding Street  Ascot Vale</address>
        <description>Ascot Vale</description>
        <styleUrl>#icon-1899-FF5252</styleUrl>
      </Placemark>
      <Placemark>
        <name>105 The Fairway</name>
        <address>105 The Fairway Kingsbury</address>
        <description>Kingsbury</description>
        <styleUrl>#icon-1899-FF5252</styleUrl>
      </Placemark>
      <Placemark>
        <name>31 Tudor Street </name>
        <address>31 Tudor Street  Richmond</address>
        <description>Richmond</description>
        <styleUrl>#icon-1899-FF5252</styleUrl>
      </Placemark>
      <Placemark>
        <name>26 Boathaven Road</name>
        <address>26 Boathaven Road Point Cook</address>
        <description>Point Cook</description>
        <styleUrl>#icon-1899-FF5252</styleUrl>
      </Placemark>
      <Placemark>
        <name>101 Kooyong Road</name>
        <address>101 Kooyong Road Armadale</address>
        <description>Armadale</description>
        <styleUrl>#icon-1899-FF5252</styleUrl>
      </Placemark>
      <Placemark>
        <name>42 Victoria St </name>
        <address>42 Victoria St  Bendigo</address>
        <description>Bendigo</description>
        <styleUrl>#icon-1899-FF5252</styleUrl>
      </Placemark>
      <Placemark>
        <name>51 Millewa Avenue, Malvern East </name>
        <address>51 Millewa Avenue, Malvern East  Malvern East</address>
        <description>Malvern East</description>
        <styleUrl>#icon-1899-FF5252</styleUrl>
      </Placemark>
      <Placemark>
        <name>10 Montgomery Crescent</name>
        <address>10 Montgomery Crescent White Hills</address>
        <description>White Hills</description>
        <styleUrl>#icon-1899-FF5252</styleUrl>
      </Placemark>
      <Placemark>
        <name>2 Rips Court</name>
        <address>2 Rips Court Dingley Village</address>
        <description>Dingley Village</description>
        <styleUrl>#icon-1899-FF5252</styleUrl>
      </Placemark>
      <Placemark>
        <name>99 Hotham Street</name>
        <address>99 Hotham Street Collingwood</address>
        <description>Collingwood</description>
        <styleUrl>#icon-1899-FF5252</styleUrl>
      </Placemark>
      <Placemark>
        <name><![CDATA[Unit 1 & 2, 10 Hickford Street]]></name>
        <address><![CDATA[Unit 1 & 2, 10 Hickford Street Reservoir]]></address>
        <description>Reservoir</description>
        <styleUrl>#icon-1899-FF5252</styleUrl>
      </Placemark>
      <Placemark>
        <name>45 Kneen Street</name>
        <address>45 Kneen Street Fitzroy North</address>
        <description>Fitzroy North</description>
        <styleUrl>#icon-1899-FF5252</styleUrl>
      </Placemark>
      <Placemark>
        <name>1725 Ferntree Gully Road</name>
        <address>1725 Ferntree Gully Road Ferntree Gully</address>
        <description>Ferntree Gully</description>
        <styleUrl>#icon-1899-FF5252</styleUrl>
      </Placemark>
      <Placemark>
        <name>10-12 Lindsay Street</name>
        <address>10-12 Lindsay Street Brighton</address>
        <description>Brighton</description>
        <styleUrl>#icon-1899-FF5252</styleUrl>
      </Placemark>
      <Placemark>
        <name>54 Rooney Street</name>
        <address>54 Rooney Street Richmond</address>
        <description>Richmond</description>
        <styleUrl>#icon-1899-FF5252</styleUrl>
      </Placemark>
      <Placemark>
        <name>13 Sirius Crt Mill Park</name>
        <address>13 Sirius Crt Mill Park Mill Park</address>
        <description>Mill Park</description>
        <styleUrl>#icon-1899-FF5252</styleUrl>
      </Placemark>
      <Placemark>
        <name>14 Marigold Street</name>
        <address>14 Marigold Street South Morang</address>
        <description>South Morang</description>
        <styleUrl>#icon-1899-FF5252</styleUrl>
      </Placemark>
      <Placemark>
        <name>45 White Avenue</name>
        <address>45 White Avenue Kew East</address>
        <description>Kew East</description>
        <styleUrl>#icon-1899-FF5252</styleUrl>
      </Placemark>
      <Placemark>
        <name>9 Comic Court </name>
        <address>9 Comic Court  New Gisborn</address>
        <description>New Gisborn</description>
        <styleUrl>#icon-1899-FF5252</styleUrl>
      </Placemark>
      <Placemark>
        <name>34 Victoria Street</name>
        <address>34 Victoria Street Williamstown</address>
        <description>Williamstown</description>
        <styleUrl>#icon-1899-FF5252</styleUrl>
      </Placemark>
      <Placemark>
        <name>34 Wingarra Drive </name>
        <address>34 Wingarra Drive  Grovedale</address>
        <description>Grovedale</description>
        <styleUrl>#icon-1899-FF5252</styleUrl>
      </Placemark>
      <Placemark>
        <name>60 Nordic Avenue </name>
        <address>60 Nordic Avenue  Keilor Lodge</address>
        <description>Keilor Lodge</description>
        <styleUrl>#icon-1899-FF5252</styleUrl>
      </Placemark>
      <Placemark>
        <name>13 Crown Street</name>
        <address>13 Crown Street Richmond</address>
        <description>Richmond</description>
        <styleUrl>#icon-1899-FF5252</styleUrl>
      </Placemark>
      <Placemark>
        <name>15 Finchley Ave </name>
        <address>15 Finchley Ave  Glenroy</address>
        <description>Glenroy</description>
        <styleUrl>#icon-1899-FF5252</styleUrl>
      </Placemark>
      <Placemark>
        <name>179 Osborne Street</name>
        <address>179 Osborne Street Williamstown</address>
        <description>Williamstown</description>
        <styleUrl>#icon-1899-FF5252</styleUrl>
      </Placemark>
      <Placemark>
        <name>181 Osborne Street</name>
        <address>181 Osborne Street Williamstown</address>
        <description>Williamstown</description>
        <styleUrl>#icon-1899-FF5252</styleUrl>
      </Placemark>
      <Placemark>
        <name>4 Prismatic Place</name>
        <address>4 Prismatic Place  Leopold</address>
        <description>Leopold</description>
        <styleUrl>#icon-1899-FF5252</styleUrl>
      </Placemark>
      <Placemark>
        <name>210 Auburn Road</name>
        <address>210 Auburn Road Hawthorn</address>
        <description>Hawthorn</description>
        <styleUrl>#icon-1899-FF5252</styleUrl>
      </Placemark>
      <Placemark>
        <name>26-28 Gerald Street </name>
        <address>26-28 Gerald Street  Murrumbeena</address>
        <description>Murrumbeena</description>
        <styleUrl>#icon-1899-FF5252</styleUrl>
      </Placemark>
      <Placemark>
        <name>21 Lever Street </name>
        <address>21 Lever Street  Oakleigh</address>
        <description>Oakleigh</description>
        <styleUrl>#icon-1899-FF5252</styleUrl>
      </Placemark>
      <Placemark>
        <name>27 Fitzgibbon Avenue </name>
        <address>27 Fitzgibbon Avenue  Brunswick West</address>
        <description>Brunswick West</description>
        <styleUrl>#icon-1899-FF5252</styleUrl>
      </Placemark>
      <Placemark>
        <name>1-287 South Gippsland Highway</name>
        <address>1-287 South Gippsland Highway Cranbourne</address>
        <description>Cranbourne</description>
        <styleUrl>#icon-1899-FF5252</styleUrl>
      </Placemark>
      <Placemark>
        <name>59 Illawarra Road </name>
        <address>59 Illawarra Road  Flemington</address>
        <description>Flemington</description>
        <styleUrl>#icon-1899-FF5252</styleUrl>
      </Placemark>
      <Placemark>
        <name>19 Crook Street</name>
        <address>19 Crook Street Brunswick</address>
        <description>Brunswick</description>
        <styleUrl>#icon-1899-FF5252</styleUrl>
      </Placemark>
      <Placemark>
        <name>70a Gray Street</name>
        <address>70a Gray Street Swan Hill</address>
        <description>Swan Hill</description>
        <styleUrl>#icon-1899-FF5252</styleUrl>
      </Placemark>
      <Placemark>
        <name>Unit 3 26 Ralph Street</name>
        <address>Unit 3 26 Ralph Street Reservoir</address>
        <description>Reservoir</description>
        <styleUrl>#icon-1899-FF5252</styleUrl>
      </Placemark>
      <Placemark>
        <name>169 Beaconsfield Parade </name>
        <address>169 Beaconsfield Parade  Northcote</address>
        <description>Northcote</description>
        <styleUrl>#icon-1899-FF5252</styleUrl>
      </Placemark>
      <Placemark>
        <name>62 Thomas Street</name>
        <address>62 Thomas Street Hampton</address>
        <description>Hampton</description>
        <styleUrl>#icon-1899-FF5252</styleUrl>
      </Placemark>
      <Placemark>
        <name>1 Range Street </name>
        <address>1 Range Street  Camberwell</address>
        <description>Camberwell</description>
        <styleUrl>#icon-1899-FF5252</styleUrl>
      </Placemark>
      <Placemark>
        <name>47 Kneen Street</name>
        <address>47 Kneen Street Fitzroy North</address>
        <description>Fitzroy North</description>
        <styleUrl>#icon-1899-FF5252</styleUrl>
      </Placemark>
      <Placemark>
        <name>128 Victoria Street</name>
        <address>128 Victoria Street  Brunswick East</address>
        <description>Brunswick East</description>
        <styleUrl>#icon-1899-FF5252</styleUrl>
      </Placemark>
      <Placemark>
        <name>130 Victoria Street</name>
        <address>130 Victoria Street  Brunswick East</address>
        <description>Brunswick East</description>
        <styleUrl>#icon-1899-FF5252</styleUrl>
      </Placemark>
      <Placemark>
        <name>2 Tecoma Court</name>
        <address>2 Tecoma Court Oakley South</address>
        <description>Oakley South</description>
        <styleUrl>#icon-1899-FF5252</styleUrl>
      </Placemark>
      <Placemark>
        <name>56 Commercial Drive</name>
        <address>56 Commercial Drive Thomastown</address>
        <description>Thomastown</description>
        <styleUrl>#icon-1899-FF5252</styleUrl>
      </Placemark>
      <Placemark>
        <name>45 Errol Street</name>
        <address>45 Errol Street Baybrook</address>
        <description>Baybrook</description>
        <styleUrl>#icon-1899-FF5252</styleUrl>
      </Placemark>
      <Placemark>
        <name>6 Leena Court</name>
        <address>6 Leena Court Warranwood</address>
        <description>Warranwood</description>
        <styleUrl>#icon-1899-FF5252</styleUrl>
      </Placemark>
      <Placemark>
        <name>14B Banff Street</name>
        <address>14B Banff Street  Reservoir</address>
        <description>Reservoir</description>
        <styleUrl>#icon-1899-FF5252</styleUrl>
      </Placemark>
      <Placemark>
        <name>69 Lansell Road</name>
        <address>69 Lansell Road Toorak</address>
        <description>Toorak</description>
        <styleUrl>#icon-1899-FF5252</styleUrl>
      </Placemark>
      <Placemark>
        <name>9 Enterprise Court </name>
        <address>9 Enterprise Court  Mulgrave</address>
        <description>Mulgrave</description>
        <styleUrl>#icon-1899-FF5252</styleUrl>
      </Placemark>
      <Placemark>
        <name>16 Leslie street </name>
        <address>16 Leslie street  thomastown</address>
        <description>thomastown</description>
        <styleUrl>#icon-1899-FF5252</styleUrl>
      </Placemark>
      <Placemark>
        <name>39 Peterleigh Grove</name>
        <address>39 Peterleigh Grove Essendon</address>
        <description>Essendon</description>
        <styleUrl>#icon-1899-FF5252</styleUrl>
      </Placemark>
      <Placemark>
        <name>15 East Road</name>
        <address>15 East Road Seaford</address>
        <description>Seaford</description>
        <styleUrl>#icon-1899-FF5252</styleUrl>
      </Placemark>
      <Placemark>
        <name>38 Murphy Street</name>
        <address>38 Murphy Street Richmond</address>
        <description>Richmond</description>
        <styleUrl>#icon-1899-FF5252</styleUrl>
      </Placemark>
      <Placemark>
        <name>21 Evans Crescent</name>
        <address>21 Evans Crescent Reservoir</address>
        <description>Reservoir</description>
        <styleUrl>#icon-1899-FF5252</styleUrl>
      </Placemark>
      <Placemark>
        <name>10-98 Railway Place</name>
        <address>10-98 Railway Place Williamstown</address>
        <description>Williamstown</description>
        <styleUrl>#icon-1899-FF5252</styleUrl>
      </Placemark>
      <Placemark>
        <name>2-4  Little Oxford Street </name>
        <address>2-4  Little Oxford Street  Collingwood</address>
        <description>Collingwood</description>
        <styleUrl>#icon-1899-FF5252</styleUrl>
      </Placemark>
      <Placemark>
        <name>1 Fordham Court</name>
        <address>1 Fordham Court Richmond</address>
        <description>Richmond</description>
        <styleUrl>#icon-1899-FF5252</styleUrl>
      </Placemark>
      <Placemark>
        <name>1-10 Steel Street</name>
        <address>1-10 Steel Street Spotswood</address>
        <description>Spotswood</description>
        <styleUrl>#icon-1899-FF5252</styleUrl>
      </Placemark>
      <Placemark>
        <name>13 Fairholm Boulevard</name>
        <address>13 Fairholm Boulevard Berwick</address>
        <description>Berwick</description>
        <styleUrl>#icon-1899-FF5252</styleUrl>
      </Placemark>
      <Placemark>
        <name>20-22 Old Plenty Road</name>
        <address>20-22 Old Plenty Road South Morang</address>
        <description>South Morang</description>
        <styleUrl>#icon-1899-FF5252</styleUrl>
      </Placemark>
      <Placemark>
        <name>10 Parkin Street</name>
        <address>10 Parkin Street Glen Iris</address>
        <description>Glen Iris</description>
        <styleUrl>#icon-1899-FF5252</styleUrl>
      </Placemark>
      <Placemark>
        <name>36 Newry Street </name>
        <address>36 Newry Street  Carlton North</address>
        <description>Carlton North</description>
        <styleUrl>#icon-1899-FF5252</styleUrl>
      </Placemark>
      <Placemark>
        <name>10 Neptune St </name>
        <address>10 Neptune St  Richmond</address>
        <description>Richmond</description>
        <styleUrl>#icon-1899-FF5252</styleUrl>
      </Placemark>
      <Placemark>
        <name>13 Karingal Street</name>
        <address>13 Karingal Street Croydon North</address>
        <description>Croydon North</description>
        <styleUrl>#icon-1899-FF5252</styleUrl>
      </Placemark>
      <Placemark>
        <name>36 Murphy Street </name>
        <address>36 Murphy Street  Richmond</address>
        <description>Richmond</description>
        <styleUrl>#icon-1899-FF5252</styleUrl>
      </Placemark>
      <Placemark>
        <name>2 Persica Place</name>
        <address>2 Persica Place Niddrie</address>
        <description>Niddrie</description>
        <styleUrl>#icon-1899-FF5252</styleUrl>
      </Placemark>
      <Placemark>
        <name>34 Diaz Drive</name>
        <address>34 Diaz Drive Grovedal</address>
        <description>Grovedal</description>
        <styleUrl>#icon-1899-FF5252</styleUrl>
      </Placemark>
      <Placemark>
        <name>21 Kings Domain</name>
        <address>21 Kings Domain Caroline Springs</address>
        <description>Caroline Springs</description>
        <styleUrl>#icon-1899-FF5252</styleUrl>
      </Placemark>
      <Placemark>
        <name>26 Kilander Crescent </name>
        <address>26 Kilander Crescent  Berriedale</address>
        <description>Berriedale</description>
        <styleUrl>#icon-1899-FF5252</styleUrl>
      </Placemark>
      <Placemark>
        <name>18 Springvale Rd</name>
        <address>18 Springvale Rd Glen Waverley</address>
        <description>Glen Waverley</description>
        <styleUrl>#icon-1899-FF5252</styleUrl>
      </Placemark>
      <Placemark>
        <name>3 -29 Yarra Street </name>
        <address>3 -29 Yarra Street  Hawthorn</address>
        <description>Hawthorn</description>
        <styleUrl>#icon-1899-FF5252</styleUrl>
      </Placemark>
      <Placemark>
        <name>80 Clauscen Street</name>
        <address>80 Clauscen Street Fitzroy North</address>
        <description>Fitzroy North</description>
        <styleUrl>#icon-1899-FF5252</styleUrl>
      </Placemark>
      <Placemark>
        <name>7 Byron Street </name>
        <address>7 Byron Street  Mount Martha</address>
        <description>Mount Martha</description>
        <styleUrl>#icon-1899-FF5252</styleUrl>
      </Placemark>
      <Placemark>
        <name>815 Wharparilla Road</name>
        <address>815 Wharparilla Road  Echuca West</address>
        <description>Echuca West</description>
        <styleUrl>#icon-1899-FF5252</styleUrl>
      </Placemark>
      <Placemark>
        <name>Unit 3, 121-125 Northumberland Road</name>
        <address>Unit 3, 121-125 Northumberland Road Pascoe Vale</address>
        <description>Pascoe Vale</description>
        <styleUrl>#icon-1899-FF5252</styleUrl>
      </Placemark>
      <Placemark>
        <name>70 Connors Lane </name>
        <address>70 Connors Lane  Seville</address>
        <description>Seville</description>
        <styleUrl>#icon-1899-FF5252</styleUrl>
      </Placemark>
      <Placemark>
        <name>1 Penny Lane</name>
        <address>1 Penny Lane Balaclava</address>
        <description>Balaclava</description>
        <styleUrl>#icon-1899-FF5252</styleUrl>
      </Placemark>
      <Placemark>
        <name>423 Dryburgh Street </name>
        <address>423 Dryburgh Street  North Melbourne</address>
        <description>North Melbourne</description>
        <styleUrl>#icon-1899-FF5252</styleUrl>
      </Placemark>
      <Placemark>
        <name>44 Waltham Street </name>
        <address>44 Waltham Street  Richmond</address>
        <description>Richmond</description>
        <styleUrl>#icon-1899-FF5252</styleUrl>
      </Placemark>
      <Placemark>
        <name>15 Normanby Avenue</name>
        <address>15 Normanby Avenue Caulfield North</address>
        <description>Caulfield North</description>
        <styleUrl>#icon-1899-FF5252</styleUrl>
      </Placemark>
      <Placemark>
        <name>11 Parklands Close</name>
        <address>11 Parklands Close Donvale</address>
        <description>Donvale</description>
        <styleUrl>#icon-1899-FF5252</styleUrl>
      </Placemark>
      <Placemark>
        <name>18 Warra Street</name>
        <address>18 Warra Street Toorak</address>
        <description>Toorak</description>
        <styleUrl>#icon-1899-FF5252</styleUrl>
      </Placemark>
      <Placemark>
        <name>6 Lagana Drive</name>
        <address>6 Lagana Drive Shepparton</address>
        <description>Shepparton</description>
        <styleUrl>#icon-1899-FF5252</styleUrl>
      </Placemark>
      <Placemark>
        <name>24 Canisby Way</name>
        <address>24 Canisby Way Cragieburn</address>
        <description>Cragieburn</description>
        <styleUrl>#icon-1899-FF5252</styleUrl>
      </Placemark>
      <Placemark>
        <name>20 Grand Scenic Drive </name>
        <address>20 Grand Scenic Drive  Leopold</address>
        <description>Leopold</description>
        <styleUrl>#icon-1899-FF5252</styleUrl>
      </Placemark>
      <Placemark>
        <name>551 Rae Street</name>
        <address>551 Rae Street North Fitzroy</address>
        <description>North Fitzroy</description>
        <styleUrl>#icon-1899-FF5252</styleUrl>
      </Placemark>
      <Placemark>
        <name>16 Keneally Drive</name>
        <address>16 Keneally Drive  Point Cook</address>
        <description>Point Cook</description>
        <styleUrl>#icon-1899-FF5252</styleUrl>
      </Placemark>
      <Placemark>
        <name>1-7 Stewart Street</name>
        <address>1-7 Stewart Street Pascoe Vale</address>
        <description>Pascoe Vale</description>
        <styleUrl>#icon-1899-FF5252</styleUrl>
      </Placemark>
      <Placemark>
        <name>155 Roslyn Road</name>
        <address>155 Roslyn Road Belmont</address>
        <description>Belmont</description>
        <styleUrl>#icon-1899-FF5252</styleUrl>
      </Placemark>
      <Placemark>
        <name>2 Claydon Close</name>
        <address>2 Claydon Close Leongatha</address>
        <description>Leongatha</description>
        <styleUrl>#icon-1899-FF5252</styleUrl>
      </Placemark>
      <Placemark>
        <name>127 Ashburn Grove</name>
        <address>127 Ashburn Grove Ashburton</address>
        <description>Ashburton</description>
        <styleUrl>#icon-1899-FF5252</styleUrl>
      </Placemark>
      <Placemark>
        <name>4 Magnus Street </name>
        <address>4 Magnus Street  St Albans</address>
        <description>St Albans</description>
        <styleUrl>#icon-1899-FF5252</styleUrl>
      </Placemark>
      <Placemark>
        <name>150 Spensley                        </name>
        <address>150 Spensley                         Clifton</address>
        <description>Clifton</description>
        <styleUrl>#icon-1899-FF5252</styleUrl>
      </Placemark>
      <Placemark>
        <name>146 Melville Road                  </name>
        <address>146 Melville Road                   Pascoe Vale</address>
        <description>Pascoe Vale</description>
        <styleUrl>#icon-1899-FF5252</styleUrl>
      </Placemark>
      <Placemark>
        <name>4 Skyline Drive,                       </name>
        <address>4 Skyline Drive,                        Maribrynong</address>
        <description>Maribrynong</description>
        <styleUrl>#icon-1899-FF5252</styleUrl>
      </Placemark>
      <Placemark>
        <name>1c Saltley Street                            </name>
        <address>1c Saltley Street                             South Kingsville</address>
        <description>South Kingsville</description>
        <styleUrl>#icon-1899-FF5252</styleUrl>
      </Placemark>
      <Placemark>
        <name>19 Cornwall Place     </name>
        <address>19 Cornwall Place      Maribyrnong</address>
        <description>Maribyrnong</description>
        <styleUrl>#icon-1899-FF5252</styleUrl>
      </Placemark>
      <Placemark>
        <name>30 Belinda Crescent        </name>
        <address>30 Belinda Crescent         Wheelers</address>
        <description>Wheelers</description>
        <styleUrl>#icon-1899-FF5252</styleUrl>
      </Placemark>
      <Placemark>
        <name>8 Grassypoint Road          </name>
        <address>8 Grassypoint Road            Carnlea</address>
        <description>Carnlea</description>
        <styleUrl>#icon-1899-FF5252</styleUrl>
      </Placemark>
      <Placemark>
        <name>8 Grassypoint Road         </name>
        <address>8 Grassypoint Road          Carnlea</address>
        <description>Carnlea</description>
        <styleUrl>#icon-1899-FF5252</styleUrl>
      </Placemark>
      <Placemark>
        <name>1 Hubble Court,                   </name>
        <address>1 Hubble Court,                    Altona Meadows</address>
        <description>Altona Meadows</description>
        <styleUrl>#icon-1899-FF5252</styleUrl>
      </Placemark>
      <Placemark>
        <name>399 Royal Parade </name>
        <address>399 Royal Parade  Parkville</address>
        <description>Parkville</description>
        <styleUrl>#icon-1899-FF5252</styleUrl>
      </Placemark>
      <Placemark>
        <name>420 Blackshaws Road        </name>
        <address>420 Blackshaws Road         Altona North</address>
        <description>Altona North</description>
        <styleUrl>#icon-1899-FF5252</styleUrl>
      </Placemark>
      <Placemark>
        <name>52 Grant Street               </name>
        <address>52 Grant Street                Clifton Hill</address>
        <description>Clifton Hill</description>
        <styleUrl>#icon-1899-FF5252</styleUrl>
      </Placemark>
      <Placemark>
        <name>15 Thompson Court            </name>
        <address>15 Thompson Court             Werribee</address>
        <description>Werribee</description>
        <styleUrl>#icon-1899-FF5252</styleUrl>
      </Placemark>
      <Placemark>
        <name>43 Botanic Dr,                </name>
        <address>43 Botanic Dr,                 Hillside</address>
        <description>Hillside</description>
        <styleUrl>#icon-1899-FF5252</styleUrl>
      </Placemark>
      <Placemark>
        <name>547 Ballarat Road,    </name>
        <address>547 Ballarat Road,     Albion North</address>
        <description>Albion North</description>
        <styleUrl>#icon-1899-FF5252</styleUrl>
      </Placemark>
      <Placemark>
        <name>39 Ramsay Street             </name>
        <address>39 Ramsay Street              Aberfeldie</address>
        <description>Aberfeldie</description>
        <styleUrl>#icon-1899-FF5252</styleUrl>
      </Placemark>
      <Placemark>
        <name>128 Market Street </name>
        <address>128 Market Street  Essendon</address>
        <description>Essendon</description>
        <styleUrl>#icon-1899-FF5252</styleUrl>
      </Placemark>
      <Placemark>
        <name>82 Keele Street    </name>
        <address>82 Keele Street     Collingwood</address>
        <description>Collingwood</description>
        <styleUrl>#icon-1899-FF5252</styleUrl>
      </Placemark>
      <Placemark>
        <name>8 Glenholme Avenue</name>
        <address>8 Glenholme Avenue Mount Evelyn</address>
        <description>Mount Evelyn</description>
        <styleUrl>#icon-1899-FF5252</styleUrl>
      </Placemark>
      <Placemark>
        <name>14 Gloucester Way</name>
        <address>14 Gloucester Way Melton West</address>
        <description>Melton West</description>
        <styleUrl>#icon-1899-FF5252</styleUrl>
      </Placemark>
      <Placemark>
        <name>12A North Crescent              </name>
        <address>12A North Crescent               Heidelberg West</address>
        <description>Heidelberg West</description>
        <styleUrl>#icon-1899-FF5252</styleUrl>
      </Placemark>
      <Placemark>
        <name>44 Skipton Street</name>
        <address>44 Skipton Street  Kurunjang</address>
        <description>Kurunjang</description>
        <styleUrl>#icon-1899-FF5252</styleUrl>
      </Placemark>
      <Placemark>
        <name>3-11 Market Road</name>
        <address>3-11 Market Road Sunshine</address>
        <description>Sunshine</description>
        <styleUrl>#icon-1899-FF5252</styleUrl>
      </Placemark>
      <Placemark>
        <name>7 Burdoo Drive                        </name>
        <address>7 Burdoo Drive                         Grovedale</address>
        <description>Grovedale</description>
        <styleUrl>#icon-1899-FF5252</styleUrl>
      </Placemark>
      <Placemark>
        <name>16 Cantwell Road</name>
        <address>16 Cantwell Road  Narre Warren North</address>
        <description>Narre Warren North</description>
        <styleUrl>#icon-1899-FF5252</styleUrl>
      </Placemark>
      <Placemark>
        <name>331 Dandelion Drive</name>
        <address>331 Dandelion Drive Rowville</address>
        <description>Rowville</description>
        <styleUrl>#icon-1899-FF5252</styleUrl>
      </Placemark>
      <Placemark>
        <name>16 Barloa Road                     </name>
        <address>16 Barloa Road                      Mont Albert</address>
        <description>Mont Albert</description>
        <styleUrl>#icon-1899-FF5252</styleUrl>
      </Placemark>
      <Placemark>
        <name>31 Morotai Parade                 </name>
        <address>31 Morotai Parade                  Heidelberg West</address>
        <description>Heidelberg West</description>
        <styleUrl>#icon-1899-FF5252</styleUrl>
      </Placemark>
      <Placemark>
        <name>39 Delbridge St   </name>
        <address>39 Delbridge St    Fitzroy North</address>
        <description>Fitzroy North</description>
        <styleUrl>#icon-1899-FF5252</styleUrl>
      </Placemark>
      <Placemark>
        <name>ON HOLD - 9 Allambee Ave </name>
        <address>ON HOLD - 9 Allambee Ave  Camberwill</address>
        <description>Camberwill</description>
        <styleUrl>#icon-1899-FF5252</styleUrl>
      </Placemark>
      <Placemark>
        <name>26 Kana Street,        </name>
        <address>26 Kana Street,         Grovedale</address>
        <description>Grovedale</description>
        <styleUrl>#icon-1899-FF5252</styleUrl>
      </Placemark>
      <Placemark>
        <name>20 Kinkora Road       </name>
        <address>20 Kinkora Road        Hawthorn</address>
        <description>Hawthorn</description>
        <styleUrl>#icon-1899-FF5252</styleUrl>
      </Placemark>
      <Placemark>
        <name>App. 67, 1 </name>
        <address>App. 67, 1  Wiltshire Drive, Kew</address>
        <description>Wiltshire Drive, Kew</description>
        <styleUrl>#icon-1899-FF5252</styleUrl>
      </Placemark>
      <Placemark>
        <name>37 Central Avenue</name>
        <address>37 Central Avenue Thomastown</address>
        <description>Thomastown</description>
        <styleUrl>#icon-1899-FF5252</styleUrl>
      </Placemark>
      <Placemark>
        <name>31A Gooch Street</name>
        <address>31A Gooch Street Thornbury</address>
        <description>Thornbury</description>
        <styleUrl>#icon-1899-FF5252</styleUrl>
      </Placemark>
      <Placemark>
        <name>28-30 Isabella Street</name>
        <address>28-30 Isabella Street Shepparton</address>
        <description>Shepparton</description>
        <styleUrl>#icon-1899-FF5252</styleUrl>
      </Placemark>
      <Placemark>
        <name>34 Mcgowans Road</name>
        <address>34 Mcgowans Road Donvale</address>
        <description>Donvale</description>
        <styleUrl>#icon-1899-FF5252</styleUrl>
      </Placemark>
      <Placemark>
        <name>431 Hampton Street</name>
        <address>431 Hampton Street Hampton</address>
        <description>Hampton</description>
        <styleUrl>#icon-1899-FF5252</styleUrl>
      </Placemark>
      <Placemark>
        <name>Unit 7, 2-3 Gracie Avenue</name>
        <address>Unit 7, 2-3 Gracie Avenue Edithvale</address>
        <description>Edithvale</description>
        <styleUrl>#icon-1899-FF5252</styleUrl>
      </Placemark>
      <Placemark>
        <name>224-256 Heidelberg Road</name>
        <address>224-256 Heidelberg Road Fairfield</address>
        <description>Fairfield</description>
        <styleUrl>#icon-1899-FF5252</styleUrl>
      </Placemark>
      <Placemark>
        <name>15 Middleton Drive</name>
        <address>15 Middleton Drive Bannockburn</address>
        <description>Bannockburn</description>
        <styleUrl>#icon-1899-FF5252</styleUrl>
      </Placemark>
      <Placemark>
        <name>13 Klarica Cl</name>
        <address>13 Klarica Cl Mount Martha</address>
        <description>Mount Martha</description>
        <styleUrl>#icon-1899-FF5252</styleUrl>
      </Placemark>
      <Placemark>
        <name>5 Woods Street</name>
        <address>5 Woods Street Yaapeet</address>
        <description>Yaapeet</description>
        <styleUrl>#icon-1899-FF5252</styleUrl>
      </Placemark>
      <Placemark>
        <name>77 Barwon Terrace</name>
        <address>77 Barwon Terrace South Geelong</address>
        <description>South Geelong</description>
        <styleUrl>#icon-1899-FF5252</styleUrl>
      </Placemark>
      <Placemark>
        <name>Unit 2, 3 Elm</name>
        <address>Unit 2, 3 Elm Grove Court, Torquay</address>
        <description>Grove Court, Torquay</description>
        <styleUrl>#icon-1899-FF5252</styleUrl>
      </Placemark>
      <Placemark>
        <name>27 Fletcher</name>
        <address>27 Fletcher Street Essednon</address>
        <description>Street Essednon</description>
        <styleUrl>#icon-1899-FF5252</styleUrl>
      </Placemark>
      <Placemark>
        <name>25 Addison Street</name>
        <address>25 Addison Street Elwood</address>
        <description>Elwood</description>
        <styleUrl>#icon-1899-FF5252</styleUrl>
      </Placemark>
      <Placemark>
        <name>22 Moyangul Drive</name>
        <address>22 Moyangul Drive Keilor East</address>
        <description>Keilor East</description>
        <styleUrl>#icon-1899-FF5252</styleUrl>
      </Placemark>
      <Placemark>
        <name>43 Romoly Drive</name>
        <address>43 Romoly Drive Forest Hill</address>
        <description>Forest Hill</description>
        <styleUrl>#icon-1899-FF5252</styleUrl>
      </Placemark>
      <Placemark>
        <name>Broughton Hall, 2 </name>
        <address>Broughton Hall, 2  Berwick Street</address>
        <description>Berwick Street</description>
        <styleUrl>#icon-1899-FF5252</styleUrl>
      </Placemark>
      <Placemark>
        <name>21 Moroney Drive </name>
        <address>21 Moroney Drive  Chadstone</address>
        <description>Chadstone</description>
        <styleUrl>#icon-1899-FF5252</styleUrl>
      </Placemark>
      <Placemark>
        <name> 4a Mayfield Ave  </name>
        <address>4a Mayfield Ave   Malvern</address>
        <description>Malvern</description>
        <styleUrl>#icon-1899-FF5252</styleUrl>
      </Placemark>
      <Placemark>
        <name>23 Gwyther                              </name>
        <address>23 Gwyther                               Road Highton</address>
        <description>Road Highton</description>
        <styleUrl>#icon-1899-FF5252</styleUrl>
      </Placemark>
      <Placemark>
        <name>Units 21 23 258            </name>
        <address>Units 21 23 258             Ballarat Road Footscray</address>
        <description>Ballarat Road Footscray</description>
        <styleUrl>#icon-1899-FF5252</styleUrl>
      </Placemark>
      <Placemark>
        <name>1 Jayco Drive </name>
        <address>1 Jayco Drive  Dandenong South</address>
        <description>Dandenong South</description>
        <styleUrl>#icon-1899-FF5252</styleUrl>
      </Placemark>
      <Placemark>
        <name>131 Bakers Road </name>
        <address>131 Bakers Road  Coburg North</address>
        <description>Coburg North</description>
        <styleUrl>#icon-1899-FF5252</styleUrl>
      </Placemark>
      <Placemark>
        <name>72 Denbigh Road</name>
        <address>72 Denbigh Road Armadale</address>
        <description>Armadale</description>
        <styleUrl>#icon-1899-FF5252</styleUrl>
      </Placemark>
      <Placemark>
        <name>118 Cole Street </name>
        <address>118 Cole Street  Brighton</address>
        <description>Brighton</description>
        <styleUrl>#icon-1899-FF5252</styleUrl>
      </Placemark>
      <Placemark>
        <name>19 Sherwin Street</name>
        <address>19 Sherwin Street Whittlesea</address>
        <description>Whittlesea</description>
        <styleUrl>#icon-1899-FF5252</styleUrl>
      </Placemark>
      <Placemark>
        <name>40 William Street</name>
        <address>40 William Street Balaclava</address>
        <description>Balaclava</description>
        <styleUrl>#icon-1899-FF5252</styleUrl>
      </Placemark>
      <Placemark>
        <name>10 Tamala Avenue </name>
        <address>10 Tamala Avenue  Marshall</address>
        <description>Marshall</description>
        <styleUrl>#icon-1899-FF5252</styleUrl>
      </Placemark>
      <Placemark>
        <name>7 Bungara Court </name>
        <address>7 Bungara Court  Ocean Grove</address>
        <description>Ocean Grove</description>
        <styleUrl>#icon-1899-FF5252</styleUrl>
      </Placemark>
      <Placemark>
        <name>28 Roxburgh Road </name>
        <address>28 Roxburgh Road  Wantirna</address>
        <description>Wantirna</description>
        <styleUrl>#icon-1899-FF5252</styleUrl>
      </Placemark>
      <Placemark>
        <name>52 burke Road </name>
        <address>52 burke Road  North Ivanhoe East</address>
        <description>North Ivanhoe East</description>
        <styleUrl>#icon-1899-FF5252</styleUrl>
      </Placemark>
      <Placemark>
        <name>1 Uplands Place</name>
        <address>1 Uplands Place Thomastown</address>
        <description>Thomastown</description>
        <styleUrl>#icon-1899-FF5252</styleUrl>
      </Placemark>
      <Placemark>
        <name>1-280 Wantirna Road</name>
        <address>1-280 Wantirna Road Wantirna</address>
        <description>Wantirna</description>
        <styleUrl>#icon-1899-FF5252</styleUrl>
      </Placemark>
      <Placemark>
        <name>16 Millward Street</name>
        <address>16 Millward Street Brunswick</address>
        <description>Brunswick</description>
        <styleUrl>#icon-1899-FF5252</styleUrl>
      </Placemark>
      <Placemark>
        <name>34 Marshall Street</name>
        <address>34 Marshall Street Ivanhoe</address>
        <description>Ivanhoe</description>
        <styleUrl>#icon-1899-FF5252</styleUrl>
      </Placemark>
      <Placemark>
        <name>65 Addison Street</name>
        <address>65 Addison Street Elwood</address>
        <description>Elwood</description>
        <styleUrl>#icon-1899-FF5252</styleUrl>
      </Placemark>
      <Placemark>
        <name>14 Eliza Street</name>
        <address>14 Eliza Street Newport</address>
        <description>Newport</description>
        <styleUrl>#icon-1899-FF5252</styleUrl>
      </Placemark>
      <Placemark>
        <name>27 Carmichael Drive</name>
        <address>27 Carmichael Drive Wyndham Vale</address>
        <description>Wyndham Vale</description>
        <styleUrl>#icon-1899-FF5252</styleUrl>
      </Placemark>
      <Placemark>
        <name>8 Sissinghurst Street</name>
        <address>8 Sissinghurst Street Truganina</address>
        <description>Truganina</description>
        <styleUrl>#icon-1899-FF5252</styleUrl>
      </Placemark>
      <Placemark>
        <name>8 Smith Street</name>
        <address>8 Smith Street Richmond</address>
        <description>Richmond</description>
        <styleUrl>#icon-1899-FF5252</styleUrl>
      </Placemark>
      <Placemark>
        <name>21 Goldfrey Avenue</name>
        <address>21 Goldfrey Avenue St Kilda East</address>
        <description>St Kilda East</description>
        <styleUrl>#icon-1899-FF5252</styleUrl>
      </Placemark>
      <Placemark>
        <name>6 Lucy Court</name>
        <address>6 Lucy Court Bundoora</address>
        <description>Bundoora</description>
        <styleUrl>#icon-1899-FF5252</styleUrl>
      </Placemark>
      <Placemark>
        <name>St Columba College</name>
        <address>St Columba College Essendon</address>
        <description>Essendon</description>
        <styleUrl>#icon-1899-FF5252</styleUrl>
      </Placemark>
      <Placemark>
        <name>7-174 Centre Dandenong Road</name>
        <address>7-174 Centre Dandenong Road Dingley Vlliage</address>
        <description>Dingley Vlliage</description>
        <styleUrl>#icon-1899-FF5252</styleUrl>
      </Placemark>
      <Placemark>
        <name>Unit 1-32 Stortford Avenue</name>
        <address>Unit 1-32 Stortford Avenue Ivanhoe</address>
        <description>Ivanhoe</description>
        <styleUrl>#icon-1899-FF5252</styleUrl>
      </Placemark>
      <Placemark>
        <name>33 Paterson Drive</name>
        <address>33 Paterson Drive Lynbrook</address>
        <description>Lynbrook</description>
        <styleUrl>#icon-1899-FF5252</styleUrl>
      </Placemark>
      <Placemark>
        <name>109 Golf Link Drive</name>
        <address>109 Golf Link Drive Craigieburn</address>
        <description>Craigieburn</description>
        <styleUrl>#icon-1899-FF5252</styleUrl>
      </Placemark>
      <Placemark>
        <name>6 Newsom Court</name>
        <address>6 Newsom Court Berwick</address>
        <description>Berwick</description>
        <styleUrl>#icon-1899-FF5252</styleUrl>
      </Placemark>
      <Placemark>
        <name>19 Inverloch Drive</name>
        <address>19 Inverloch Drive Point Cook</address>
        <description>Point Cook</description>
        <styleUrl>#icon-1899-FF5252</styleUrl>
      </Placemark>
      <Placemark>
        <name>6,2 Skinner Street</name>
        <address>6,2 Skinner Street Hastings</address>
        <description>Hastings</description>
        <styleUrl>#icon-1899-FF5252</styleUrl>
      </Placemark>
      <Placemark>
        <name>13 Sandgate Boulevard</name>
        <address>13 Sandgate Boulevard  Ferntree Gully</address>
        <description>Ferntree Gully</description>
        <styleUrl>#icon-1899-FF5252</styleUrl>
      </Placemark>
      <Placemark>
        <name>60 Tennyson Street</name>
        <address>60 Tennyson Street Kensington</address>
        <description>Kensington</description>
        <styleUrl>#icon-1899-FF5252</styleUrl>
      </Placemark>
      <Placemark>
        <name>15 Packham Place</name>
        <address>15 Packham Place Wonga Park</address>
        <description>Wonga Park</description>
        <styleUrl>#icon-1899-FF5252</styleUrl>
      </Placemark>
      <Placemark>
        <name>44 Morgan Street</name>
        <address>44 Morgan Street  Carnegie</address>
        <description>Carnegie</description>
        <styleUrl>#icon-1899-FF5252</styleUrl>
      </Placemark>
      <Placemark>
        <name>5 Clarke Street</name>
        <address>5 Clarke Street Northcote</address>
        <description>Northcote</description>
        <styleUrl>#icon-1899-FF5252</styleUrl>
      </Placemark>
      <Placemark>
        <name>Unit 1, 61 Mount View Parade</name>
        <address>Unit 1, 61 Mount View Parade Croydon</address>
        <description>Croydon</description>
        <styleUrl>#icon-1899-FF5252</styleUrl>
      </Placemark>
      <Placemark>
        <name> Lakes Sports Community Club</name>
        <address>Lakes Sports Community Club Lakes Entrance</address>
        <description>Lakes Entrance</description>
        <styleUrl>#icon-1899-FF5252</styleUrl>
      </Placemark>
      <Placemark>
        <name>5 Lewis Road</name>
        <address>5 Lewis Road Wantirna South</address>
        <description>Wantirna South</description>
        <styleUrl>#icon-1899-FF5252</styleUrl>
      </Placemark>
      <Placemark>
        <name>55 Flannery Court</name>
        <address>55 Flannery Court Warrandyte</address>
        <description>Warrandyte</description>
        <styleUrl>#icon-1899-FF5252</styleUrl>
      </Placemark>
      <Placemark>
        <name>247 Montague Street</name>
        <address>247 Montague Street  South Melbourne</address>
        <description>South Melbourne</description>
        <styleUrl>#icon-1899-FF5252</styleUrl>
      </Placemark>
      <Placemark>
        <name>48 Montclair Ave</name>
        <address>48 Montclair Ave Brighton</address>
        <description>Brighton</description>
        <styleUrl>#icon-1899-FF5252</styleUrl>
      </Placemark>
      <Placemark>
        <name>18 McNeilagh Street</name>
        <address>18 McNeilagh Street Spotswood</address>
        <description>Spotswood</description>
        <styleUrl>#icon-1899-FF5252</styleUrl>
      </Placemark>
      <Placemark>
        <name>Unit 6, 19 West Street</name>
        <address>Unit 6, 19 West Street Pascoe Vale</address>
        <description>Pascoe Vale</description>
        <styleUrl>#icon-1899-FF5252</styleUrl>
      </Placemark>
      <Placemark>
        <name>7 Trinacria Court</name>
        <address>7 Trinacria Court Deer Park</address>
        <description>Deer Park</description>
        <styleUrl>#icon-1899-FF5252</styleUrl>
      </Placemark>
      <Placemark>
        <name>128 Market Street</name>
        <address>128 Market Street Essendon</address>
        <description>Essendon</description>
        <styleUrl>#icon-1899-FF5252</styleUrl>
      </Placemark>
      <Placemark>
        <name> 36 Tatura Crescent</name>
        <address>36 Tatura Crescent Broadmeadows</address>
        <description>Broadmeadows</description>
        <styleUrl>#icon-1899-FF5252</styleUrl>
      </Placemark>
      <Placemark>
        <name>2061 Dandenong Road</name>
        <address>2061 Dandenong Road Clayton</address>
        <description>Clayton</description>
        <styleUrl>#icon-1899-FF5252</styleUrl>
      </Placemark>
      <Placemark>
        <name>1 St Andrews Road</name>
        <address>1 St Andrews Road Bayswater</address>
        <description>Bayswater</description>
        <styleUrl>#icon-1899-FF5252</styleUrl>
      </Placemark>
      <Placemark>
        <name>41 McLean Avenue</name>
        <address>41 McLean Avenue Bentleigh</address>
        <description>Bentleigh</description>
        <styleUrl>#icon-1899-FF5252</styleUrl>
      </Placemark>
      <Placemark>
        <name>500 Burke Road</name>
        <address>500 Burke Road Camberwell</address>
        <description>Camberwell</description>
        <styleUrl>#icon-1899-FF5252</styleUrl>
      </Placemark>
      <Placemark>
        <name>814 Brunswick Street North</name>
        <address>814 Brunswick Street North Fitzroy North</address>
        <description>Fitzroy North</description>
        <styleUrl>#icon-1899-FF5252</styleUrl>
      </Placemark>
      <Placemark>
        <name>17 Sutherland Avenue</name>
        <address>17 Sutherland Avenue Kew East</address>
        <description>Kew East</description>
        <styleUrl>#icon-1899-FF5252</styleUrl>
      </Placemark>
      <Placemark>
        <name> 5 Carbine Place</name>
        <address>5 Carbine Place Bundoora</address>
        <description>Bundoora</description>
        <styleUrl>#icon-1899-FF5252</styleUrl>
      </Placemark>
      <Placemark>
        <name>246 McMahens Road</name>
        <address>246 McMahens Road Bangholme</address>
        <description>Bangholme</description>
        <styleUrl>#icon-1899-FF5252</styleUrl>
      </Placemark>
      <Placemark>
        <name>4 Effie Ave</name>
        <address>4 Effie Ave Upwey</address>
        <description>Upwey</description>
        <styleUrl>#icon-1899-FF5252</styleUrl>
      </Placemark>
      <Placemark>
        <name>22 Herbert Crecent </name>
        <address>22 Herbert Crecent  Keilor East</address>
        <description>Keilor East</description>
        <styleUrl>#icon-1899-FF5252</styleUrl>
      </Placemark>
      <Placemark>
        <name>224 Bailey Street, Grovedale</name>
        <address>224 Bailey Street, Grovedale Grovedale</address>
        <description>Grovedale</description>
        <styleUrl>#icon-1899-FF5252</styleUrl>
      </Placemark>
      <Placemark>
        <name>2 Tramway Parade</name>
        <address>2 Tramway Parade Beaumaris</address>
        <description>Beaumaris</description>
        <styleUrl>#icon-1899-FF5252</styleUrl>
      </Placemark>
      <Placemark>
        <name> 6 Pioneer Street </name>
        <address>6 Pioneer Street  Thomastown</address>
        <description>Thomastown</description>
        <styleUrl>#icon-1899-FF5252</styleUrl>
      </Placemark>
      <Placemark>
        <name>18 Corporate Avenue</name>
        <address>18 Corporate Avenue Rowville</address>
        <description>Rowville</description>
        <styleUrl>#icon-1899-FF5252</styleUrl>
      </Placemark>
      <Placemark>
        <name>121 Reynards Street</name>
        <address>121 Reynards Street Coburg</address>
        <description>Coburg</description>
        <styleUrl>#icon-1899-FF5252</styleUrl>
      </Placemark>
      <Placemark>
        <name>12 Windsor Ave </name>
        <address>12 Windsor Ave  Strathmore</address>
        <description>Strathmore</description>
        <styleUrl>#icon-1899-FF5252</styleUrl>
      </Placemark>
      <Placemark>
        <name>6 Turnberry Court, Rowville </name>
        <address>6 Turnberry Court, Rowville  Rowville</address>
        <description>Rowville</description>
        <styleUrl>#icon-1899-FF5252</styleUrl>
      </Placemark>
      <Placemark>
        <name>41 Toole Street</name>
        <address>41 Toole Street Hopetoun</address>
        <description>Hopetoun</description>
        <styleUrl>#icon-1899-FF5252</styleUrl>
      </Placemark>
      <Placemark>
        <name>14a Ida Street</name>
        <address>14a Ida Street Niddrie</address>
        <description>Niddrie</description>
        <styleUrl>#icon-1899-FF5252</styleUrl>
      </Placemark>
      <Placemark>
        <name>18 Macquarie Street, </name>
        <address>18 Macquarie Street,  Williamstown</address>
        <description>Williamstown</description>
        <styleUrl>#icon-1899-FF5252</styleUrl>
      </Placemark>
      <Placemark>
        <name>Unit 2, 2 Cecil Court</name>
        <address>Unit 2, 2 Cecil Court Mitcham</address>
        <description>Mitcham</description>
        <styleUrl>#icon-1899-FF5252</styleUrl>
      </Placemark>
      <Placemark>
        <name>5-7 Ross Watt Road</name>
        <address>5-7 Ross Watt Road Gisborne</address>
        <description>Gisborne</description>
        <styleUrl>#icon-1899-FF5252</styleUrl>
      </Placemark>
      <Placemark>
        <name>335 Old Koonwarra-Meeniyan Road</name>
        <address>335 Old Koonwarra-Meeniyan Road  Koonwarra</address>
        <description>Koonwarra</description>
        <styleUrl>#icon-1899-FF5252</styleUrl>
      </Placemark>
      <Placemark>
        <name>1-97 The Parade</name>
        <address>1-97 The Parade Ascot Vale</address>
        <description>Ascot Vale</description>
        <styleUrl>#icon-1899-FF5252</styleUrl>
      </Placemark>
      <Placemark>
        <name/>
        <styleUrl>#icon-1899-FF5252-nodesc</styleUrl>
        <Point>
          <coordinates>
            145.0014311,-37.8112825,0
          </coordinates>
        </Point>
      </Placemark>
      <Placemark>
        <name>17 Napier St</name>
        <styleUrl>#icon-1899-FF5252-nodesc</styleUrl>
        <Point>
          <coordinates>
            144.978921,-37.8074554,0
          </coordinates>
        </Point>
      </Placemark>
      <Placemark>
        <name>93 Ordish Rd</name>
        <styleUrl>#icon-1899-FF5252-nodesc</styleUrl>
        <Point>
          <coordinates>
            145.1929189,-38.024124,0
          </coordinates>
        </Point>
      </Placemark>
      <Placemark>
        <name>370 Hampshire Cres</name>
        <styleUrl>#icon-1899-FF5252-nodesc</styleUrl>
        <Point>
          <coordinates>
            144.8335726,-37.7780836,0
          </coordinates>
        </Point>
      </Placemark>
      <Placemark>
        <name>1 Newcastle Ct</name>
        <styleUrl>#icon-1899-FF5252-nodesc</styleUrl>
        <Point>
          <coordinates>
            144.8978154,-37.6429963,0
          </coordinates>
        </Point>
      </Placemark>
      <Placemark>
        <name>198 Dryburgh St</name>
        <styleUrl>#icon-1899-FF5252-nodesc</styleUrl>
        <Point>
          <coordinates>
            144.9439489,-37.8018623,0
          </coordinates>
        </Point>
      </Placemark>
      <Placemark>
        <name>13 Navigation Dr</name>
        <styleUrl>#icon-1899-FF5252-nodesc</styleUrl>
        <Point>
          <coordinates>
            144.6069915,-37.6874703,0
          </coordinates>
        </Point>
      </Placemark>
      <Placemark>
        <name>87 Lothian St</name>
        <styleUrl>#icon-1899-FF5252-nodesc</styleUrl>
        <Point>
          <coordinates>
            144.9445812,-37.8012625,0
          </coordinates>
        </Point>
      </Placemark>
      <Placemark>
        <name>3 Glenys Ct</name>
        <styleUrl>#icon-1899-FF5252-nodesc</styleUrl>
        <Point>
          <coordinates>
            144.3358913,-38.1877855,0
          </coordinates>
        </Point>
      </Placemark>
      <Placemark>
        <name>145 Clyde Rd</name>
        <styleUrl>#icon-1899-FF5252-nodesc</styleUrl>
        <Point>
          <coordinates>
            144.1744541,-38.0412557,0
          </coordinates>
        </Point>
      </Placemark>
      <Placemark>
        <name>12 Jarrah Ct</name>
        <styleUrl>#icon-1899-FF5252-nodesc</styleUrl>
        <Point>
          <coordinates>
            144.7118382,-37.863094,0
          </coordinates>
        </Point>
      </Placemark>
      <Placemark>
        <name>7 Collier Cres</name>
        <styleUrl>#icon-1899-FF5252-nodesc</styleUrl>
        <Point>
          <coordinates>
            144.953812,-37.772033,0
          </coordinates>
        </Point>
      </Placemark>
      <Placemark>
        <name>2/10 Winnington St</name>
        <styleUrl>#icon-1899-FF5252-nodesc</styleUrl>
        <Point>
          <coordinates>
            144.7706944,-37.7608517,0
          </coordinates>
        </Point>
      </Placemark>
      <Placemark>
        <name>44 Skipton St</name>
        <styleUrl>#icon-1899-FF5252-nodesc</styleUrl>
        <Point>
          <coordinates>
            144.5913977,-37.660195,0
          </coordinates>
        </Point>
      </Placemark>
      <Placemark>
        <name>34 Andrew St</name>
        <styleUrl>#icon-1899-FF5252-nodesc</styleUrl>
        <Point>
          <coordinates>
            145.2226194,-37.8088013,0
          </coordinates>
        </Point>
      </Placemark>
      <Placemark>
        <name>80 Mason St</name>
        <styleUrl>#icon-1899-FF5252-nodesc</styleUrl>
        <Point>
          <coordinates>
            144.8764527,-37.8415247,0
          </coordinates>
        </Point>
      </Placemark>
      <Placemark>
        <name>49-53 Hazelwood Rd</name>
        <styleUrl>#icon-1899-FF5252-nodesc</styleUrl>
        <Point>
          <coordinates>
            146.5204408,-38.2090605,0
          </coordinates>
        </Point>
      </Placemark>
      <Placemark>
        <name>25 Balmoral Ave</name>
        <styleUrl>#icon-1899-FF5252-nodesc</styleUrl>
        <Point>
          <coordinates>
            144.9868498,-38.3239152,0
          </coordinates>
        </Point>
      </Placemark>
      <Placemark>
        <name>168 Alma Rd</name>
        <styleUrl>#icon-1899-FF5252-nodesc</styleUrl>
        <Point>
          <coordinates>
            145.0042806,-37.8628517,0
          </coordinates>
        </Point>
      </Placemark>
      <Placemark>
        <name>21 Godfrey Ave</name>
        <address>21 Godfrey Ave St Kilda East</address>
        <description>St Kilda East</description>
        <styleUrl>#icon-1899-FF5252</styleUrl>
      </Placemark>
      <Placemark>
        <name>17-19 Valdoris Ave</name>
        <styleUrl>#icon-1899-FF5252-nodesc</styleUrl>
        <Point>
          <coordinates>
            146.3217232,-36.36782,0
          </coordinates>
        </Point>
      </Placemark>
      <Placemark>
        <name>23 Smith St</name>
        <styleUrl>#icon-1899-FF5252-nodesc</styleUrl>
        <Point>
          <coordinates>
            144.9946824,-37.8124109,0
          </coordinates>
        </Point>
      </Placemark>
      <Placemark>
        <name>242 Rossmoyne St</name>
        <styleUrl>#icon-1899-FF5252-nodesc</styleUrl>
        <Point>
          <coordinates>
            145.0161614,-37.7589954,0
          </coordinates>
        </Point>
      </Placemark>
      <Placemark>
        <name>230 Hiltons Rd</name>
        <styleUrl>#icon-1899-FF5252-nodesc</styleUrl>
        <Point>
          <coordinates>
            142.4559196,-35.657236,0
          </coordinates>
        </Point>
      </Placemark>
      <Placemark>
        <name>132A Wood St</name>
        <styleUrl>#icon-1899-FF5252-nodesc</styleUrl>
        <Point>
          <coordinates>
            145.0219194,-37.7351551,0
          </coordinates>
        </Point>
      </Placemark>
      <Placemark>
        <name>11 Ellesby Ct</name>
        <styleUrl>#icon-1899-FF5252-nodesc</styleUrl>
        <Point>
          <coordinates>
            144.3503662,-38.1960473,0
          </coordinates>
        </Point>
      </Placemark>
      <Placemark>
        <name>8 Docker St</name>
        <styleUrl>#icon-1899-FF5252-nodesc</styleUrl>
        <Point>
          <coordinates>
            144.9873877,-37.886388,0
          </coordinates>
        </Point>
      </Placemark>
      <Placemark>
        <name>83 Keys Rd</name>
        <styleUrl>#icon-1899-FF5252-nodesc</styleUrl>
        <Point>
          <coordinates>
            145.1716911,-38.0241775,0
          </coordinates>
        </Point>
      </Placemark>
      <Placemark>
        <name>25 Austin St</name>
        <styleUrl>#icon-1899-FF5252-nodesc</styleUrl>
        <Point>
          <coordinates>
            145.2854747,-37.8837396,0
          </coordinates>
        </Point>
      </Placemark>
      <Placemark>
        <name>179 New Town Rd</name>
        <styleUrl>#icon-1899-FF5252-nodesc</styleUrl>
        <Point>
          <coordinates>
            147.3042431,-42.856889,0
          </coordinates>
        </Point>
      </Placemark>
      <Placemark>
        <name>432 Churchill Ave</name>
        <styleUrl>#icon-1899-FF5252-nodesc</styleUrl>
        <Point>
          <coordinates>
            147.3479072,-42.9177765,0
          </coordinates>
        </Point>
      </Placemark>
      <Placemark>
        <name>526 Churchill Ave</name>
        <styleUrl>#icon-1899-FF5252-nodesc</styleUrl>
        <Point>
          <coordinates>
            147.3558447,-42.9177408,0
          </coordinates>
        </Point>
      </Placemark>
      <Placemark>
        <name>871 Park St</name>
        <styleUrl>#icon-1899-FF5252-nodesc</styleUrl>
        <Point>
          <coordinates>
            144.947891,-37.7762118,0
          </coordinates>
        </Point>
      </Placemark>
      <Placemark>
        <name>10 Centennial St</name>
        <styleUrl>#icon-1899-FF5252-nodesc</styleUrl>
        <Point>
          <coordinates>
            144.8756361,-37.8054744,0
          </coordinates>
        </Point>
      </Placemark>
      <Placemark>
        <name>397 North Rd</name>
        <styleUrl>#icon-1899-FF5252-nodesc</styleUrl>
        <Point>
          <coordinates>
            145.0325678,-37.9027292,0
          </coordinates>
        </Point>
      </Placemark>
      <Placemark>
        <name>37 Albert St</name>
        <styleUrl>#icon-1899-FF5252-nodesc</styleUrl>
        <Point>
          <coordinates>
            144.8932157,-37.8531417,0
          </coordinates>
        </Point>
      </Placemark>
      <Placemark>
        <name>14B Bent St</name>
        <styleUrl>#icon-1899-FF5252-nodesc</styleUrl>
        <Point>
          <coordinates>
            144.9425789,-37.7593094,0
          </coordinates>
        </Point>
      </Placemark>
      <Placemark>
        <name>91 Walter St</name>
        <styleUrl>#icon-1899-FF5252-nodesc</styleUrl>
        <Point>
          <coordinates>
            144.9087031,-37.7754203,0
          </coordinates>
        </Point>
      </Placemark>
      <Placemark>
        <name>91A Walter St</name>
        <styleUrl>#icon-1899-FF5252-nodesc</styleUrl>
        <Point>
          <coordinates>
            144.9087461,-37.7754532,0
          </coordinates>
        </Point>
      </Placemark>
      <Placemark>
        <name>32 Burnewang St</name>
        <styleUrl>#icon-1899-FF5252-nodesc</styleUrl>
        <Point>
          <coordinates>
            144.8183238,-37.783231,0
          </coordinates>
        </Point>
      </Placemark>
      <Placemark>
        <name>95 Evans St</name>
        <styleUrl>#icon-1899-FF5252-nodesc</styleUrl>
        <Point>
          <coordinates>
            144.9707026,-37.770292,0
          </coordinates>
        </Point>
      </Placemark>
      <Placemark>
        <name>67 Burdoo Dr</name>
        <styleUrl>#icon-1899-FF5252-nodesc</styleUrl>
        <Point>
          <coordinates>
            144.33175,-38.2012964,0
          </coordinates>
        </Point>
      </Placemark>
      <Placemark>
        <name>39 Ramsay St</name>
        <address>39 Ramsay St Aberfeldie</address>
        <description>Aberfeldie</description>
        <styleUrl>#icon-1899-FF5252</styleUrl>
      </Placemark>
      <Placemark>
        <name>18 Abernethy Street</name>
        <address>18 Abernethy Street Shepparton</address>
        <description>Shepparton</description>
        <styleUrl>#icon-1899-FF5252</styleUrl>
      </Placemark>
      <Placemark>
        <name>28 Moubray Street</name>
        <address>28 Moubray Street Albert park</address>
        <description>Albert park</description>
        <styleUrl>#icon-1899-FF5252</styleUrl>
      </Placemark>
      <Placemark>
        <name>32 Burnewang Street</name>
        <address>32 Burnewang Street Albion</address>
        <description>Albion</description>
        <styleUrl>#icon-1899-FF5252</styleUrl>
      </Placemark>
      <Placemark>
        <name>547 Ballarat Road</name>
        <address>547 Ballarat Road Albion</address>
        <description>Albion</description>
        <styleUrl>#icon-1899-FF5252</styleUrl>
      </Placemark>
      <Placemark>
        <name>604 Griffith Street</name>
        <address>604 Griffith Street Albury</address>
        <description>Albury</description>
        <styleUrl>#icon-1899-FF5252</styleUrl>
      </Placemark>
      <Placemark>
        <name>2 Coonatta Street</name>
        <address>2 Coonatta Street Alfredton</address>
        <description>Alfredton</description>
        <styleUrl>#icon-1899-FF5252</styleUrl>
      </Placemark>
      <Placemark>
        <name>7 Elliotdale Court</name>
        <address>7 Elliotdale Court Alfredton</address>
        <description>Alfredton</description>
        <styleUrl>#icon-1899-FF5252</styleUrl>
      </Placemark>
      <Placemark>
        <name>15 Medford Street</name>
        <address>15 Medford Street Altona</address>
        <description>Altona</description>
        <styleUrl>#icon-1899-FF5252</styleUrl>
      </Placemark>
      <Placemark>
        <name>2/53 Rayner St</name>
        <address>2/53 Rayner St Altona</address>
        <description>Altona</description>
        <styleUrl>#icon-1899-FF5252</styleUrl>
      </Placemark>
      <Placemark>
        <name>Unit 1, 53 Rayner St, Altona</name>
        <address>Unit 1, 53 Rayner St, Altona Altona</address>
        <description>Altona</description>
        <styleUrl>#icon-1899-FF5252</styleUrl>
      </Placemark>
      <Placemark>
        <name>1 Hubble Court</name>
        <address>1 Hubble Court Altona Meadows</address>
        <description>Altona Meadows</description>
        <styleUrl>#icon-1899-FF5252</styleUrl>
      </Placemark>
      <Placemark>
        <name>2-4 Duke Street</name>
        <address>2-4 Duke Street Altona North</address>
        <description>Altona North</description>
        <styleUrl>#icon-1899-FF5252</styleUrl>
      </Placemark>
      <Placemark>
        <name>420 Blackshaws Road</name>
        <address>420 Blackshaws Road Altona North</address>
        <description>Altona North</description>
        <styleUrl>#icon-1899-FF5252</styleUrl>
      </Placemark>
      <Placemark>
        <name>145B Great Ocean Rd</name>
        <address>145B Great Ocean Rd Anglesea</address>
        <description>Anglesea</description>
        <styleUrl>#icon-1899-FF5252</styleUrl>
      </Placemark>
      <Placemark>
        <name>21 Barkly Street West</name>
        <address>21 Barkly Street West Ararat</address>
        <description>Ararat</description>
        <styleUrl>#icon-1899-FF5252</styleUrl>
      </Placemark>
      <Placemark>
        <name>31 Abbotsford Street</name>
        <address>31 Abbotsford Street Abbotsford</address>
        <description>Abbotsford</description>
        <styleUrl>#icon-1899-FF5252</styleUrl>
      </Placemark>
      <Placemark>
        <name>18 Willis Street</name>
        <address>18 Willis Street Armadale</address>
        <description>Armadale</description>
        <styleUrl>#icon-1899-FF5252</styleUrl>
      </Placemark>
      <Placemark>
        <name>16 Willis Street</name>
        <address>16 Willis Street Armadale</address>
        <description>Armadale</description>
        <styleUrl>#icon-1899-FF5252</styleUrl>
      </Placemark>
      <Placemark>
        <name>72 Denbigh Road</name>
        <address>72 Denbigh Road Armadale</address>
        <description>Armadale</description>
        <styleUrl>#icon-1899-FF5252</styleUrl>
      </Placemark>
      <Placemark>
        <name>101 Kooyong Road</name>
        <address>101 Kooyong Road Armadale</address>
        <description>Armadale</description>
        <styleUrl>#icon-1899-FF5252</styleUrl>
      </Placemark>
      <Placemark>
        <name>4 Harding Street</name>
        <address>4 Harding Street Ascot Vale</address>
        <description>Ascot Vale</description>
        <styleUrl>#icon-1899-FF5252</styleUrl>
      </Placemark>
      <Placemark>
        <name>91A Walter Street</name>
        <address>91A Walter Street Ascot Vale</address>
        <description>Ascot Vale</description>
        <styleUrl>#icon-1899-FF5252</styleUrl>
      </Placemark>
      <Placemark>
        <name>1/97 The Parade</name>
        <address>1/97 The Parade Ascot Vale</address>
        <description>Ascot Vale</description>
        <styleUrl>#icon-1899-FF5252</styleUrl>
      </Placemark>
      <Placemark>
        <name>91 Walter Street</name>
        <address>91 Walter Street Ascot Vale</address>
        <description>Ascot Vale</description>
        <styleUrl>#icon-1899-FF5252</styleUrl>
      </Placemark>
      <Placemark>
        <name>42 Ward Street</name>
        <address>42 Ward Street Ashburton</address>
        <description>Ashburton</description>
        <styleUrl>#icon-1899-FF5252</styleUrl>
      </Placemark>
      <Placemark>
        <name>127 Ashburn Grove</name>
        <address>127 Ashburn Grove Ashburton</address>
        <description>Ashburton</description>
        <styleUrl>#icon-1899-FF5252</styleUrl>
      </Placemark>
      <Placemark>
        <name>16 Kanooka Avenue</name>
        <address>16 Kanooka Avenue Ashwood</address>
        <description>Ashwood</description>
        <styleUrl>#icon-1899-FF5252</styleUrl>
      </Placemark>
      <Placemark>
        <name>13 Oakley Drive</name>
        <address>13 Oakley Drive Avondale Heights</address>
        <description>Avondale Heights</description>
        <styleUrl>#icon-1899-FF5252</styleUrl>
      </Placemark>
      <Placemark>
        <name>2A Rosehill Drive, Bacchus Marsh</name>
        <address>2A Rosehill Drive, Bacchus Marsh Bacchus Marsh</address>
        <description>Bacchus Marsh</description>
        <styleUrl>#icon-1899-FF5252</styleUrl>
      </Placemark>
      <Placemark>
        <name>83 Ballantine Street</name>
        <address>83 Ballantine Street Bairnsdale</address>
        <description>Bairnsdale</description>
        <styleUrl>#icon-1899-FF5252</styleUrl>
      </Placemark>
      <Placemark>
        <name>40 William Street</name>
        <address>40 William Street Balaclava</address>
        <description>Balaclava</description>
        <styleUrl>#icon-1899-FF5252</styleUrl>
      </Placemark>
      <Placemark>
        <name>1 Penny Lane</name>
        <address>1 Penny Lane Balaclava</address>
        <description>Balaclava</description>
        <styleUrl>#icon-1899-FF5252</styleUrl>
      </Placemark>
      <Placemark>
        <name>19 Berry Street, Ballan</name>
        <address>19 Berry Street, Ballan Ballan</address>
        <description>Ballan</description>
        <styleUrl>#icon-1899-FF5252</styleUrl>
      </Placemark>
      <Placemark>
        <name>U3/23-25 Birdwood Street</name>
        <address>U3/23-25 Birdwood Street Balwyn</address>
        <description>Balwyn</description>
        <styleUrl>#icon-1899-FF5252</styleUrl>
      </Placemark>
      <Placemark>
        <name>Apsley Golf Club - Wimmera Highway</name>
        <address>Apsley Golf Club - Wimmera Highway Apsley</address>
        <description>Apsley</description>
        <styleUrl>#icon-1899-FF5252</styleUrl>
      </Placemark>
      <Placemark>
        <name>246 McMahens Road</name>
        <address>246 McMahens Road Bangholme</address>
        <description>Bangholme</description>
        <styleUrl>#icon-1899-FF5252</styleUrl>
      </Placemark>
      <Placemark>
        <name>14 Duviney Way</name>
        <address>14 Duviney Way Bannockburn</address>
        <description>Bannockburn</description>
        <styleUrl>#icon-1899-FF5252</styleUrl>
      </Placemark>
      <Placemark>
        <name>145 Clyde Road</name>
        <address>145 Clyde Road Bannockburn</address>
        <description>Bannockburn</description>
        <styleUrl>#icon-1899-FF5252</styleUrl>
      </Placemark>
      <Placemark>
        <name>15 Middleton Drive</name>
        <address>15 Middleton Drive Bannockburn</address>
        <description>Bannockburn</description>
        <styleUrl>#icon-1899-FF5252</styleUrl>
      </Placemark>
      <Placemark>
        <name>12-14 Murray Street</name>
        <address>12-14 Murray Street Barham</address>
        <description>Barham</description>
        <styleUrl>#icon-1899-FF5252</styleUrl>
      </Placemark>
      <Placemark>
        <name>1 St Andrews Road</name>
        <address>1 St Andrews Road Bayswater</address>
        <description>Bayswater</description>
        <styleUrl>#icon-1899-FF5252</styleUrl>
      </Placemark>
      <Placemark>
        <name>1/1 Amsted Road</name>
        <address>1/1 Amsted Road Bayswater</address>
        <description>Bayswater</description>
        <styleUrl>#icon-1899-FF5252</styleUrl>
      </Placemark>
      <Placemark>
        <name>10 Bell Bird Drive</name>
        <address>10 Bell Bird Drive Bayswater North</address>
        <description>Bayswater North</description>
        <styleUrl>#icon-1899-FF5252</styleUrl>
      </Placemark>
      <Placemark>
        <name>81 Saint Georges Road</name>
        <address>81 Saint Georges Road Beaconsfield Upper</address>
        <description>Beaconsfield Upper</description>
        <styleUrl>#icon-1899-FF5252</styleUrl>
      </Placemark>
      <Placemark>
        <name>2 Tramway Parade</name>
        <address>2 Tramway Parade Beaumaris</address>
        <description>Beaumaris</description>
        <styleUrl>#icon-1899-FF5252</styleUrl>
      </Placemark>
      <Placemark>
        <name>69 Bruce Street</name>
        <address>69 Bruce Street Bell Park</address>
        <description>Bell Park</description>
        <styleUrl>#icon-1899-FF5252</styleUrl>
      </Placemark>
      <Placemark>
        <name>65A Woodacres Road</name>
        <address>65A Woodacres Road Bellbrae</address>
        <description>Bellbrae</description>
        <styleUrl>#icon-1899-FF5252</styleUrl>
      </Placemark>
      <Placemark>
        <name>35 Mernda Parade</name>
        <address>35 Mernda Parade Belmont</address>
        <description>Belmont</description>
        <styleUrl>#icon-1899-FF5252</styleUrl>
      </Placemark>
      <Placemark>
        <name>5 Autumn St</name>
        <address>5 Autumn St Belmont</address>
        <description>Belmont</description>
        <styleUrl>#icon-1899-FF5252</styleUrl>
      </Placemark>
      <Placemark>
        <name>716 Sturt Street</name>
        <address>716 Sturt Street Ballarat</address>
        <description>Ballarat</description>
        <styleUrl>#icon-1899-FF5252</styleUrl>
      </Placemark>
      <Placemark>
        <name>3 Glenys Court</name>
        <address>3 Glenys Court Belmont</address>
        <description>Belmont</description>
        <styleUrl>#icon-1899-FF5252</styleUrl>
      </Placemark>
      <Placemark>
        <name>155 Roslyn Road</name>
        <address>155 Roslyn Road Belmont</address>
        <description>Belmont</description>
        <styleUrl>#icon-1899-FF5252</styleUrl>
      </Placemark>
      <Placemark>
        <name>115 Faithful Street</name>
        <address>115 Faithful Street Benalla</address>
        <description>Benalla</description>
        <styleUrl>#icon-1899-FF5252</styleUrl>
      </Placemark>
      <Placemark>
        <name>349 Benalla-Warrenbayne Road</name>
        <address>349 Benalla-Warrenbayne Road Benalla</address>
        <description>Benalla</description>
        <styleUrl>#icon-1899-FF5252</styleUrl>
      </Placemark>
      <Placemark>
        <name>17 Oak Avenue</name>
        <address>17 Oak Avenue Benalla</address>
        <description>Benalla</description>
        <styleUrl>#icon-1899-FF5252</styleUrl>
      </Placemark>
      <Placemark>
        <name>22 Noarana Drive</name>
        <address>22 Noarana Drive Benalla</address>
        <description>Benalla</description>
        <styleUrl>#icon-1899-FF5252</styleUrl>
      </Placemark>
      <Placemark>
        <name>2 Kurrajong Court</name>
        <address>2 Kurrajong Court Benalla</address>
        <description>Benalla</description>
        <styleUrl>#icon-1899-FF5252</styleUrl>
      </Placemark>
      <Placemark>
        <name>2-6 Sailors Gully Rd</name>
        <address>2-6 Sailors Gully Rd Bendigo</address>
        <description>Bendigo</description>
        <styleUrl>#icon-1899-FF5252</styleUrl>
      </Placemark>
      <Placemark>
        <name>42 Victoria Street</name>
        <address>42 Victoria Street Bendigo</address>
        <description>Bendigo</description>
        <styleUrl>#icon-1899-FF5252</styleUrl>
      </Placemark>
      <Placemark>
        <name>41 McLean Avenue</name>
        <address>41 McLean Avenue Bentleigh</address>
        <description>Bentleigh</description>
        <styleUrl>#icon-1899-FF5252</styleUrl>
      </Placemark>
      <Placemark>
        <name>80 Robert Street</name>
        <address>80 Robert Street Bentleigh</address>
        <description>Bentleigh</description>
        <styleUrl>#icon-1899-FF5252</styleUrl>
      </Placemark>
      <Placemark>
        <name>26 Kilander Crescent</name>
        <address>26 Kilander Crescent Berriedale</address>
        <description>Berriedale</description>
        <styleUrl>#icon-1899-FF5252</styleUrl>
      </Placemark>
      <Placemark>
        <name>13 Fairholme Boulevard</name>
        <address>13 Fairholme Boulevard Berwick</address>
        <description>Berwick</description>
        <styleUrl>#icon-1899-FF5252</styleUrl>
      </Placemark>
      <Placemark>
        <name>55 Bowman Road</name>
        <address>55 Bowman Road Beaconsfield</address>
        <description>Beaconsfield</description>
        <styleUrl>#icon-1899-FF5252</styleUrl>
      </Placemark>
      <Placemark>
        <name>6 Newsom Court</name>
        <address>6 Newsom Court Berwick</address>
        <description>Berwick</description>
        <styleUrl>#icon-1899-FF5252</styleUrl>
      </Placemark>
      <Placemark>
        <name>95 – 99 Railway Road</name>
        <address>95 – 99 Railway Road Blackburn</address>
        <description>Blackburn</description>
        <styleUrl>#icon-1899-FF5252</styleUrl>
      </Placemark>
      <Placemark>
        <name>145 Gravelly Beach Road</name>
        <address>145 Gravelly Beach Road Blackwall</address>
        <description>Blackwall</description>
        <styleUrl>#icon-1899-FF5252</styleUrl>
      </Placemark>
      <Placemark>
        <name>196 Cricks Road</name>
        <address>196 Cricks Road Blowhard</address>
        <description>Blowhard</description>
        <styleUrl>#icon-1899-FF5252</styleUrl>
      </Placemark>
      <Placemark>
        <name>100 Godfrey St</name>
        <address>100 Godfrey St Boort</address>
        <description>Boort</description>
        <styleUrl>#icon-1899-FF5252</styleUrl>
      </Placemark>
      <Placemark>
        <name>45 Errol Street</name>
        <address>45 Errol Street Braybrook</address>
        <description>Braybrook</description>
        <styleUrl>#icon-1899-FF5252</styleUrl>
      </Placemark>
      <Placemark>
        <name>4 Wallace Street</name>
        <address>4 Wallace Street Bridgewater</address>
        <description>Bridgewater</description>
        <styleUrl>#icon-1899-FF5252</styleUrl>
      </Placemark>
      <Placemark>
        <name>46 Orchard Street</name>
        <address>46 Orchard Street Brighton</address>
        <description>Brighton</description>
        <styleUrl>#icon-1899-FF5252</styleUrl>
      </Placemark>
      <Placemark>
        <name>10 Lindsay Street</name>
        <address>10 Lindsay Street Brighton</address>
        <description>Brighton</description>
        <styleUrl>#icon-1899-FF5252</styleUrl>
      </Placemark>
      <Placemark>
        <name>10 Cairnes Crescent</name>
        <address>10 Cairnes Crescent Brighton</address>
        <description>Brighton</description>
        <styleUrl>#icon-1899-FF5252</styleUrl>
      </Placemark>
      <Placemark>
        <name>118 Cole Street</name>
        <address>118 Cole Street Brighton</address>
        <description>Brighton</description>
        <styleUrl>#icon-1899-FF5252</styleUrl>
      </Placemark>
      <Placemark>
        <name>48a Montclair Avenue</name>
        <address>48a Montclair Avenue Brighton</address>
        <description>Brighton</description>
        <styleUrl>#icon-1899-FF5252</styleUrl>
      </Placemark>
      <Placemark>
        <name>7 Louise Street</name>
        <address>7 Louise Street Brighton East</address>
        <description>Brighton East</description>
        <styleUrl>#icon-1899-FF5252</styleUrl>
      </Placemark>
      <Placemark>
        <name>12b Beltane Ave</name>
        <address>12b Beltane Ave Brighton East</address>
        <description>Brighton East</description>
        <styleUrl>#icon-1899-FF5252</styleUrl>
      </Placemark>
      <Placemark>
        <name>36 Tatura Crescent</name>
        <address>36 Tatura Crescent Broadmeadows</address>
        <description>Broadmeadows</description>
        <styleUrl>#icon-1899-FF5252</styleUrl>
      </Placemark>
      <Placemark>
        <name>640-680 Geelong Road</name>
        <address>640-680 Geelong Road Brooklyn</address>
        <description>Brooklyn</description>
        <styleUrl>#icon-1899-FF5252</styleUrl>
      </Placemark>
      <Placemark>
        <name>203 Albion Street</name>
        <address>203 Albion Street Brunswick</address>
        <description>Brunswick</description>
        <styleUrl>#icon-1899-FF5252</styleUrl>
      </Placemark>
      <Placemark>
        <name>5/25 Mitchell Street</name>
        <address>5/25 Mitchell Street Brunswick</address>
        <description>Brunswick</description>
        <styleUrl>#icon-1899-FF5252</styleUrl>
      </Placemark>
      <Placemark>
        <name>98 Edward Street</name>
        <address>98 Edward Street Brunswick</address>
        <description>Brunswick</description>
        <styleUrl>#icon-1899-FF5252</styleUrl>
      </Placemark>
      <Placemark>
        <name>7 Collier Crescent</name>
        <address>7 Collier Crescent Brunswick</address>
        <description>Brunswick</description>
        <styleUrl>#icon-1899-FF5252</styleUrl>
      </Placemark>
      <Placemark>
        <name>208 Albert Street</name>
        <address>208 Albert Street Brunswick</address>
        <description>Brunswick</description>
        <styleUrl>#icon-1899-FF5252</styleUrl>
      </Placemark>
      <Placemark>
        <name>238 Albert Street</name>
        <address>238 Albert Street Brunswick</address>
        <description>Brunswick</description>
        <styleUrl>#icon-1899-FF5252</styleUrl>
      </Placemark>
      <Placemark>
        <name>19 Crook Street</name>
        <address>19 Crook Street Brunswick</address>
        <description>Brunswick</description>
        <styleUrl>#icon-1899-FF5252</styleUrl>
      </Placemark>
      <Placemark>
        <name>95 Evans Street</name>
        <address>95 Evans Street Brunswick</address>
        <description>Brunswick</description>
        <styleUrl>#icon-1899-FF5252</styleUrl>
      </Placemark>
      <Placemark>
        <name>5 Methven Street</name>
        <address>5 Methven Street Brunswick East</address>
        <description>Brunswick East</description>
        <styleUrl>#icon-1899-FF5252</styleUrl>
      </Placemark>
      <Placemark>
        <name>128 Victoria Street</name>
        <address>128 Victoria Street Brunswick East</address>
        <description>Brunswick East</description>
        <styleUrl>#icon-1899-FF5252</styleUrl>
      </Placemark>
      <Placemark>
        <name>130 Victoria Street</name>
        <address>130 Victoria Street Brunswick East</address>
        <description>Brunswick East</description>
        <styleUrl>#icon-1899-FF5252</styleUrl>
      </Placemark>
      <Placemark>
        <name>4/19 McLean Street</name>
        <address>4/19 McLean Street Brunswick West</address>
        <description>Brunswick West</description>
        <styleUrl>#icon-1899-FF5252</styleUrl>
      </Placemark>
      <Placemark>
        <name>871 Park Street</name>
        <address>871 Park Street Brunswick West</address>
        <description>Brunswick West</description>
        <styleUrl>#icon-1899-FF5252</styleUrl>
      </Placemark>
      <Placemark>
        <name>27 Fitzgibbon Avenue</name>
        <address>27 Fitzgibbon Avenue Brunswick West</address>
        <description>Brunswick West</description>
        <styleUrl>#icon-1899-FF5252</styleUrl>
      </Placemark>
      <Placemark>
        <name>35 Galileo Gateway</name>
        <address>35 Galileo Gateway Bundoora</address>
        <description>Bundoora</description>
        <styleUrl>#icon-1899-FF5252</styleUrl>
      </Placemark>
      <Placemark>
        <name>4 Pagebrook Road</name>
        <address>4 Pagebrook Road Berwick</address>
        <description>Berwick</description>
        <styleUrl>#icon-1899-FF5252</styleUrl>
      </Placemark>
      <Placemark>
        <name>13 Princeton Terrace</name>
        <address>13 Princeton Terrace Bundoora</address>
        <description>Bundoora</description>
        <styleUrl>#icon-1899-FF5252</styleUrl>
      </Placemark>
      <Placemark>
        <name>6 Lucy Court</name>
        <address>6 Lucy Court Bundoora</address>
        <description>Bundoora</description>
        <styleUrl>#icon-1899-FF5252</styleUrl>
      </Placemark>
      <Placemark>
        <name>5 Carbine Place</name>
        <address>5 Carbine Place Bundoora</address>
        <description>Bundoora</description>
        <styleUrl>#icon-1899-FF5252</styleUrl>
      </Placemark>
      <Placemark>
        <name>35 Parkes Way</name>
        <address>35 Parkes Way Burnside Heights</address>
        <description>Burnside Heights</description>
        <styleUrl>#icon-1899-FF5252</styleUrl>
      </Placemark>
      <Placemark>
        <name>20 Dawayne Street</name>
        <address>20 Dawayne Street Burwood East</address>
        <description>Burwood East</description>
        <styleUrl>#icon-1899-FF5252</styleUrl>
      </Placemark>
      <Placemark>
        <name>13 Sugarloaf Close</name>
        <address>13 Sugarloaf Close Burwood East</address>
        <description>Burwood East</description>
        <styleUrl>#icon-1899-FF5252</styleUrl>
      </Placemark>
      <Placemark>
        <name>2 Braywood Terrace</name>
        <address>2 Braywood Terrace Cairnlea</address>
        <description>Cairnlea</description>
        <styleUrl>#icon-1899-FF5252</styleUrl>
      </Placemark>
      <Placemark>
        <name>8 Grassypoint Road</name>
        <address>8 Grassypoint Road Cairnlea</address>
        <description>Cairnlea</description>
        <styleUrl>#icon-1899-FF5252</styleUrl>
      </Placemark>
      <Placemark>
        <name>2 BERWICK STREET</name>
        <address>2 BERWICK STREET CAMBERWELL</address>
        <description>CAMBERWELL</description>
        <styleUrl>#icon-1899-FF5252</styleUrl>
      </Placemark>
      <Placemark>
        <name>1 Range Street</name>
        <address>1 Range Street Camberwell</address>
        <description>Camberwell</description>
        <styleUrl>#icon-1899-FF5252</styleUrl>
      </Placemark>
      <Placemark>
        <name>500 Burke Road</name>
        <address>500 Burke Road Camberwell</address>
        <description>Camberwell</description>
        <styleUrl>#icon-1899-FF5252</styleUrl>
      </Placemark>
      <Placemark>
        <name>25 Madden Road</name>
        <address>25 Madden Road Cardigan Village</address>
        <description>Cardigan Village</description>
        <styleUrl>#icon-1899-FF5252</styleUrl>
      </Placemark>
      <Placemark>
        <name>1/1044 Drummond Street</name>
        <address>1/1044 Drummond Street Carlton North</address>
        <description>Carlton North</description>
        <styleUrl>#icon-1899-FF5252</styleUrl>
      </Placemark>
      <Placemark>
        <name>44 Morgan Street</name>
        <address>44 Morgan Street Carnegie</address>
        <description>Carnegie</description>
        <styleUrl>#icon-1899-FF5252</styleUrl>
      </Placemark>
      <Placemark>
        <name>15 Liriope Green</name>
        <address>15 Liriope Green Caroline Springs</address>
        <description>Caroline Springs</description>
        <styleUrl>#icon-1899-FF5252</styleUrl>
      </Placemark>
      <Placemark>
        <name>21 Kings Domain</name>
        <address>21 Kings Domain Caroline Springs</address>
        <description>Caroline Springs</description>
        <styleUrl>#icon-1899-FF5252</styleUrl>
      </Placemark>
      <Placemark>
        <name>15 Normanby Avenue</name>
        <address>15 Normanby Avenue Caulfield North</address>
        <description>Caulfield North</description>
        <styleUrl>#icon-1899-FF5252</styleUrl>
      </Placemark>
      <Placemark>
        <name>397 North Road</name>
        <address>397 North Road Caulfield North</address>
        <description>Caulfield North</description>
        <styleUrl>#icon-1899-FF5252</styleUrl>
      </Placemark>
      <Placemark>
        <name>21 Moroney Drive</name>
        <address>21 Moroney Drive Chadstone</address>
        <description>Chadstone</description>
        <styleUrl>#icon-1899-FF5252</styleUrl>
      </Placemark>
      <Placemark>
        <name>5 Kinarra Crescent</name>
        <address>5 Kinarra Crescent Chigwell</address>
        <description>Chigwell</description>
        <styleUrl>#icon-1899-FF5252</styleUrl>
      </Placemark>
      <Placemark>
        <name>31 Barkly Street</name>
        <address>31 Barkly Street Chiltern</address>
        <description>Chiltern</description>
        <styleUrl>#icon-1899-FF5252</styleUrl>
      </Placemark>
      <Placemark>
        <name>2 Reid Street</name>
        <address>2 Reid Street Chiltern</address>
        <description>Chiltern</description>
        <styleUrl>#icon-1899-FF5252</styleUrl>
      </Placemark>
      <Placemark>
        <name>20 Sugarloaf Drive</name>
        <address>20 Sugarloaf Drive Chirnside Park</address>
        <description>Chirnside Park</description>
        <styleUrl>#icon-1899-FF5252</styleUrl>
      </Placemark>
      <Placemark>
        <name>Unit 1 24-26 Clarinda Road</name>
        <address>Unit 1 24-26 Clarinda Road Clarinda</address>
        <description>Clarinda</description>
        <styleUrl>#icon-1899-FF5252</styleUrl>
      </Placemark>
      <Placemark>
        <name>Unit 3 19-21 Sarton Road</name>
        <address>Unit 3 19-21 Sarton Road Clayton</address>
        <description>Clayton</description>
        <styleUrl>#icon-1899-FF5252</styleUrl>
      </Placemark>
      <Placemark>
        <name>2061 Dandenong Road</name>
        <address>2061 Dandenong Road Clayton</address>
        <description>Clayton</description>
        <styleUrl>#icon-1899-FF5252</styleUrl>
      </Placemark>
      <Placemark>
        <name>52 Grant Street</name>
        <address>52 Grant Street Clifton Hill</address>
        <description>Clifton Hill</description>
        <styleUrl>#icon-1899-FF5252</styleUrl>
      </Placemark>
      <Placemark>
        <name>150 Spensley Street</name>
        <address>150 Spensley Street Clifton Hill</address>
        <description>Clifton Hill</description>
        <styleUrl>#icon-1899-FF5252</styleUrl>
      </Placemark>
      <Placemark>
        <name>25 Mirrabooka Drive</name>
        <address>25 Mirrabooka Drive Clifton Springs</address>
        <description>Clifton Springs</description>
        <styleUrl>#icon-1899-FF5252</styleUrl>
      </Placemark>
      <Placemark>
        <name>136 High Street</name>
        <address>136 High Street Cobram</address>
        <description>Cobram</description>
        <styleUrl>#icon-1899-FF5252</styleUrl>
      </Placemark>
      <Placemark>
        <name>121 Reynard Street</name>
        <address>121 Reynard Street Coburg</address>
        <description>Coburg</description>
        <styleUrl>#icon-1899-FF5252</styleUrl>
      </Placemark>
      <Placemark>
        <name>97 The Grove</name>
        <address>97 The Grove Coburg</address>
        <description>Coburg</description>
        <styleUrl>#icon-1899-FF5252</styleUrl>
      </Placemark>
      <Placemark>
        <name>20 Lilian Street</name>
        <address>20 Lilian Street Bulleen</address>
        <description>Bulleen</description>
        <styleUrl>#icon-1899-FF5252</styleUrl>
      </Placemark>
      <Placemark>
        <name>131 Bakers Road</name>
        <address>131 Bakers Road Coburg North</address>
        <description>Coburg North</description>
        <styleUrl>#icon-1899-FF5252</styleUrl>
      </Placemark>
      <Placemark>
        <name>294 Wellington Street</name>
        <address>294 Wellington Street Collingwood</address>
        <description>Collingwood</description>
        <styleUrl>#icon-1899-FF5252</styleUrl>
      </Placemark>
      <Placemark>
        <name>2-4 Little Oxford Street</name>
        <address>2-4 Little Oxford Street Collingwood</address>
        <description>Collingwood</description>
        <styleUrl>#icon-1899-FF5252</styleUrl>
      </Placemark>
      <Placemark>
        <name>99 Hotham Street</name>
        <address>99 Hotham Street Collingwood</address>
        <description>Collingwood</description>
        <styleUrl>#icon-1899-FF5252</styleUrl>
      </Placemark>
      <Placemark>
        <name>122 Keele Street</name>
        <address>122 Keele Street Collingwood</address>
        <description>Collingwood</description>
        <styleUrl>#icon-1899-FF5252</styleUrl>
      </Placemark>
      <Placemark>
        <name>82 Keele Street</name>
        <address>82 Keele Street Collingwood</address>
        <description>Collingwood</description>
        <styleUrl>#icon-1899-FF5252</styleUrl>
      </Placemark>
      <Placemark>
        <name>11 Yorkshire Terrace</name>
        <address>11 Yorkshire Terrace Craigieburn</address>
        <description>Craigieburn</description>
        <styleUrl>#icon-1899-FF5252</styleUrl>
      </Placemark>
      <Placemark>
        <name>32 Liverpool circuit</name>
        <address>32 Liverpool circuit Craigieburn</address>
        <description>Craigieburn</description>
        <styleUrl>#icon-1899-FF5252</styleUrl>
      </Placemark>
      <Placemark>
        <name>109 and 109A Golf View Drive</name>
        <address>109 and 109A Golf View Drive Craigieburn</address>
        <description>Craigieburn</description>
        <styleUrl>#icon-1899-FF5252</styleUrl>
      </Placemark>
      <Placemark>
        <name>24 Canisby Way</name>
        <address>24 Canisby Way Craigieburn</address>
        <description>Craigieburn</description>
        <styleUrl>#icon-1899-FF5252</styleUrl>
      </Placemark>
      <Placemark>
        <name>1/287 South Gippsland Highway</name>
        <address>1/287 South Gippsland Highway Cranbourne</address>
        <description>Cranbourne</description>
        <styleUrl>#icon-1899-FF5252</styleUrl>
      </Placemark>
      <Placemark>
        <name>14 Tattle Grove</name>
        <address>14 Tattle Grove Cranbourne East</address>
        <description>Cranbourne East</description>
        <styleUrl>#icon-1899-FF5252</styleUrl>
      </Placemark>
      <Placemark>
        <name>22 Raglan Street</name>
        <address>22 Raglan Street Creswick</address>
        <description>Creswick</description>
        <styleUrl>#icon-1899-FF5252</styleUrl>
      </Placemark>
      <Placemark>
        <name>1 Lily Street</name>
        <address>1 Lily Street Coburg</address>
        <description>Coburg</description>
        <styleUrl>#icon-1899-FF5252</styleUrl>
      </Placemark>
      <Placemark>
        <name>Unit 1 61 Mount View Parade</name>
        <address>Unit 1 61 Mount View Parade Croydon</address>
        <description>Croydon</description>
        <styleUrl>#icon-1899-FF5252</styleUrl>
      </Placemark>
      <Placemark>
        <name>13 Karingal Street</name>
        <address>13 Karingal Street Croydon North</address>
        <description>Croydon North</description>
        <styleUrl>#icon-1899-FF5252</styleUrl>
      </Placemark>
      <Placemark>
        <name>3 Mountain Heath Walk</name>
        <address>3 Mountain Heath Walk Croydon South</address>
        <description>Croydon South</description>
        <styleUrl>#icon-1899-FF5252</styleUrl>
      </Placemark>
      <Placemark>
        <name>30 Taylors Road</name>
        <address>30 Taylors Road Culcairn</address>
        <description>Culcairn</description>
        <styleUrl>#icon-1899-FF5252</styleUrl>
      </Placemark>
      <Placemark>
        <name>93 Ordish Road</name>
        <address>93 Ordish Road Dandedong South</address>
        <description>Dandedong South</description>
        <styleUrl>#icon-1899-FF5252</styleUrl>
      </Placemark>
      <Placemark>
        <name>53/55 Robinson Street</name>
        <address>53/55 Robinson Street Dandenong</address>
        <description>Dandenong</description>
        <styleUrl>#icon-1899-FF5252</styleUrl>
      </Placemark>
      <Placemark>
        <name>53/55 Robinson Street</name>
        <address>53/55 Robinson Street Dandenong</address>
        <description>Dandenong</description>
        <styleUrl>#icon-1899-FF5252</styleUrl>
      </Placemark>
      <Placemark>
        <name>74-76 Nissan Drive</name>
        <address>74-76 Nissan Drive Dandenong South</address>
        <description>Dandenong South</description>
        <styleUrl>#icon-1899-FF5252</styleUrl>
      </Placemark>
      <Placemark>
        <name>1 Jayco Drive</name>
        <address>1 Jayco Drive Dandenong South</address>
        <description>Dandenong South</description>
        <styleUrl>#icon-1899-FF5252</styleUrl>
      </Placemark>
      <Placemark>
        <name>7 Trinacria Court</name>
        <address>7 Trinacria Court Deer Park</address>
        <description>Deer Park</description>
        <styleUrl>#icon-1899-FF5252</styleUrl>
      </Placemark>
      <Placemark>
        <name>2/10 Winnington St</name>
        <address>2/10 Winnington St Deer Park</address>
        <description>Deer Park</description>
        <styleUrl>#icon-1899-FF5252</styleUrl>
      </Placemark>
      <Placemark>
        <name>11 Donne Court</name>
        <address>11 Donne Court Delahey</address>
        <description>Delahey</description>
        <styleUrl>#icon-1899-FF5252</styleUrl>
      </Placemark>
      <Placemark>
        <name>50 Carew Street</name>
        <address>50 Carew Street Deniliquin</address>
        <description>Deniliquin</description>
        <styleUrl>#icon-1899-FF5252</styleUrl>
      </Placemark>
      <Placemark>
        <name>2 Metung court</name>
        <address>2 Metung court Dingley Village</address>
        <description>Dingley Village</description>
        <styleUrl>#icon-1899-FF5252</styleUrl>
      </Placemark>
      <Placemark>
        <name>7/174 Centre Dandenong Road</name>
        <address>7/174 Centre Dandenong Road Dingley Village</address>
        <description>Dingley Village</description>
        <styleUrl>#icon-1899-FF5252</styleUrl>
      </Placemark>
      <Placemark>
        <name>2 Rips Court</name>
        <address>2 Rips Court Dingley Village</address>
        <description>Dingley Village</description>
        <styleUrl>#icon-1899-FF5252</styleUrl>
      </Placemark>
      <Placemark>
        <name>85-88, 114 Upper California Gully Road</name>
        <address>85-88, 114 Upper California Gully Road Eaglehawk</address>
        <description>Eaglehawk</description>
        <styleUrl>#icon-1899-FF5252</styleUrl>
      </Placemark>
      <Placemark>
        <name>8 Mount Street</name>
        <address>8 Mount Street Eaglemont</address>
        <description>Eaglemont</description>
        <styleUrl>#icon-1899-FF5252</styleUrl>
      </Placemark>
      <Placemark>
        <name>815 Wharparilla Road</name>
        <address>815 Wharparilla Road Echuca West</address>
        <description>Echuca West</description>
        <styleUrl>#icon-1899-FF5252</styleUrl>
      </Placemark>
      <Placemark>
        <name>7/2-3 Gracie Avenue</name>
        <address>7/2-3 Gracie Avenue Edithvale</address>
        <description>Edithvale</description>
        <styleUrl>#icon-1899-FF5252</styleUrl>
      </Placemark>
      <Placemark>
        <name>8 Docker Street</name>
        <address>8 Docker Street Elwood</address>
        <description>Elwood</description>
        <styleUrl>#icon-1899-FF5252</styleUrl>
      </Placemark>
      <Placemark>
        <name>72 Ruskin Street</name>
        <address>72 Ruskin Street Elwood</address>
        <description>Elwood</description>
        <styleUrl>#icon-1899-FF5252</styleUrl>
      </Placemark>
      <Placemark>
        <name>75 Spray Street</name>
        <address>75 Spray Street Elwood</address>
        <description>Elwood</description>
        <styleUrl>#icon-1899-FF5252</styleUrl>
      </Placemark>
      <Placemark>
        <name>25 Addison Street</name>
        <address>25 Addison Street Elwood</address>
        <description>Elwood</description>
        <styleUrl>#icon-1899-FF5252</styleUrl>
      </Placemark>
      <Placemark>
        <name>1 Aldous Court</name>
        <address>1 Aldous Court Epping</address>
        <description>Epping</description>
        <styleUrl>#icon-1899-FF5252</styleUrl>
      </Placemark>
      <Placemark>
        <name>39 Peterleigh Grove</name>
        <address>39 Peterleigh Grove Essendon</address>
        <description>Essendon</description>
        <styleUrl>#icon-1899-FF5252</styleUrl>
      </Placemark>
      <Placemark>
        <name>2 Leslie Road</name>
        <address>2 Leslie Road Essendon</address>
        <description>Essendon</description>
        <styleUrl>#icon-1899-FF5252</styleUrl>
      </Placemark>
      <Placemark>
        <name>27 Fletcher Street</name>
        <address>27 Fletcher Street Essendon</address>
        <description>Essendon</description>
        <styleUrl>#icon-1899-FF5252</styleUrl>
      </Placemark>
      <Placemark>
        <name>9 Carnarvon Road</name>
        <address>9 Carnarvon Road Essendon</address>
        <description>Essendon</description>
        <styleUrl>#icon-1899-FF5252</styleUrl>
      </Placemark>
      <Placemark>
        <name>128 Market Street</name>
        <address>128 Market Street Essendon</address>
        <description>Essendon</description>
        <styleUrl>#icon-1899-FF5252</styleUrl>
      </Placemark>
      <Placemark>
        <name>Unit 5 5 Weir Street</name>
        <address>Unit 5 5 Weir Street Euroa</address>
        <description>Euroa</description>
        <styleUrl>#icon-1899-FF5252</styleUrl>
      </Placemark>
      <Placemark>
        <name>57 Rathmines St</name>
        <address>57 Rathmines St Fairfield</address>
        <description>Fairfield</description>
        <styleUrl>#icon-1899-FF5252</styleUrl>
      </Placemark>
      <Placemark>
        <name>224-256 Heidelberg Road</name>
        <address>224-256 Heidelberg Road Fairfield</address>
        <description>Fairfield</description>
        <styleUrl>#icon-1899-FF5252</styleUrl>
      </Placemark>
      <Placemark>
        <name>7/10 Derby Street</name>
        <address>7/10 Derby Street Fawkner</address>
        <description>Fawkner</description>
        <styleUrl>#icon-1899-FF5252</styleUrl>
      </Placemark>
      <Placemark>
        <name>13 Sandgate Boulevard</name>
        <address>13 Sandgate Boulevard Ferntree Gully</address>
        <description>Ferntree Gully</description>
        <styleUrl>#icon-1899-FF5252</styleUrl>
      </Placemark>
      <Placemark>
        <name>1725 Ferntree Gully Road</name>
        <address>1725 Ferntree Gully Road Ferntree Gully</address>
        <description>Ferntree Gully</description>
        <styleUrl>#icon-1899-FF5252</styleUrl>
      </Placemark>
      <Placemark>
        <name>25 Austin Street</name>
        <address>25 Austin Street Ferntree Gully</address>
        <description>Ferntree Gully</description>
        <styleUrl>#icon-1899-FF5252</styleUrl>
      </Placemark>
      <Placemark>
        <name>273 Murray Street</name>
        <address>273 Murray Street Finley</address>
        <description>Finley</description>
        <styleUrl>#icon-1899-FF5252</styleUrl>
      </Placemark>
      <Placemark>
        <name>17 Napier Street</name>
        <address>17 Napier Street Fitzroy</address>
        <description>Fitzroy</description>
        <styleUrl>#icon-1899-FF5252</styleUrl>
      </Placemark>
      <Placemark>
        <name>44 Young Street</name>
        <address>44 Young Street Fitzroy</address>
        <description>Fitzroy</description>
        <styleUrl>#icon-1899-FF5252</styleUrl>
      </Placemark>
      <Placemark>
        <name>814 Brunswick Street North</name>
        <address>814 Brunswick Street North Fitzroy North</address>
        <description>Fitzroy North</description>
        <styleUrl>#icon-1899-FF5252</styleUrl>
      </Placemark>
      <Placemark>
        <name>47 Kneen Street</name>
        <address>47 Kneen Street Fitzroy North</address>
        <description>Fitzroy North</description>
        <styleUrl>#icon-1899-FF5252</styleUrl>
      </Placemark>
      <Placemark>
        <name>12 St Georges Road</name>
        <address>12 St Georges Road Fitzroy North</address>
        <description>Fitzroy North</description>
        <styleUrl>#icon-1899-FF5252</styleUrl>
      </Placemark>
      <Placemark>
        <name>45 Kneen Street</name>
        <address>45 Kneen Street Fitzroy North</address>
        <description>Fitzroy North</description>
        <styleUrl>#icon-1899-FF5252</styleUrl>
      </Placemark>
      <Placemark>
        <name>39 Delbridge St</name>
        <address>39 Delbridge St Fitzroy North</address>
        <description>Fitzroy North</description>
        <styleUrl>#icon-1899-FF5252</styleUrl>
      </Placemark>
      <Placemark>
        <name>551 Rae Street</name>
        <address>551 Rae Street Fitzroy North</address>
        <description>Fitzroy North</description>
        <styleUrl>#icon-1899-FF5252</styleUrl>
      </Placemark>
      <Placemark>
        <name>80 Clauscen Street</name>
        <address>80 Clauscen Street Fitzroy North</address>
        <description>Fitzroy North</description>
        <styleUrl>#icon-1899-FF5252</styleUrl>
      </Placemark>
      <Placemark>
        <name>11 Parklands Close</name>
        <address>11 Parklands Close Donvale</address>
        <description>Donvale</description>
        <styleUrl>#icon-1899-FF5252</styleUrl>
      </Placemark>
      <Placemark>
        <name>31 Abbotsford Street</name>
        <address>31 Abbotsford Street Abbotsford</address>
        <description>Abbotsford</description>
        <styleUrl>#icon-1899-FF5252</styleUrl>
      </Placemark>
      <Placemark>
        <name>39 Ramsay Street</name>
        <address>39 Ramsay Street Aberfeldie</address>
        <description>Aberfeldie</description>
        <styleUrl>#icon-1899-FF5252</styleUrl>
      </Placemark>
      <Placemark>
        <name>18 Abernethy Street</name>
        <address>18 Abernethy Street Shepparton</address>
        <description>Shepparton</description>
        <styleUrl>#icon-1899-FF5252</styleUrl>
      </Placemark>
      <Placemark>
        <name>23/56 Norton Road</name>
        <address>23/56 Norton Road Croydon</address>
        <description>Croydon</description>
        <styleUrl>#icon-1899-FF5252</styleUrl>
      </Placemark>
      <Placemark>
        <name>28 Moubray Street</name>
        <address>28 Moubray Street Albert park</address>
        <description>Albert park</description>
        <styleUrl>#icon-1899-FF5252</styleUrl>
      </Placemark>
      <Placemark>
        <name>32 Burnewang Street</name>
        <address>32 Burnewang Street Albion</address>
        <description>Albion</description>
        <styleUrl>#icon-1899-FF5252</styleUrl>
      </Placemark>
      <Placemark>
        <name>547 Ballarat Road</name>
        <address>547 Ballarat Road Albion</address>
        <description>Albion</description>
        <styleUrl>#icon-1899-FF5252</styleUrl>
      </Placemark>
      <Placemark>
        <name>604 Griffith Street</name>
        <address>604 Griffith Street Albury</address>
        <description>Albury</description>
        <styleUrl>#icon-1899-FF5252</styleUrl>
      </Placemark>
      <Placemark>
        <name>2 Coonatta Street</name>
        <address>2 Coonatta Street Alfredton</address>
        <description>Alfredton</description>
        <styleUrl>#icon-1899-FF5252</styleUrl>
      </Placemark>
      <Placemark>
        <name>7 Elliotdale Court</name>
        <address>7 Elliotdale Court Alfredton</address>
        <description>Alfredton</description>
        <styleUrl>#icon-1899-FF5252</styleUrl>
      </Placemark>
      <Placemark>
        <name>15 Medford Street</name>
        <address>15 Medford Street Altona</address>
        <description>Altona</description>
        <styleUrl>#icon-1899-FF5252</styleUrl>
      </Placemark>
      <Placemark>
        <name>2/53 Rayner St</name>
        <address>2/53 Rayner St Altona</address>
        <description>Altona</description>
        <styleUrl>#icon-1899-FF5252</styleUrl>
      </Placemark>
      <Placemark>
        <name>Unit 1, 53 Rayner St, Altona</name>
        <address>Unit 1, 53 Rayner St, Altona Altona</address>
        <description>Altona</description>
        <styleUrl>#icon-1899-FF5252</styleUrl>
      </Placemark>
      <Placemark>
        <name>1 Hubble Court</name>
        <address>1 Hubble Court Altona Meadows</address>
        <description>Altona Meadows</description>
        <styleUrl>#icon-1899-FF5252</styleUrl>
      </Placemark>
      <Placemark>
        <name>2-4 Duke Street</name>
        <address>2-4 Duke Street Altona North</address>
        <description>Altona North</description>
        <styleUrl>#icon-1899-FF5252</styleUrl>
      </Placemark>
      <Placemark>
        <name>420 Blackshaws Road</name>
        <address>420 Blackshaws Road Altona North</address>
        <description>Altona North</description>
        <styleUrl>#icon-1899-FF5252</styleUrl>
      </Placemark>
      <Placemark>
        <name>145B Great Ocean Rd</name>
        <address>145B Great Ocean Rd Anglesea</address>
        <description>Anglesea</description>
        <styleUrl>#icon-1899-FF5252</styleUrl>
      </Placemark>
      <Placemark>
        <name>Apsley Golf Club - Wimmera Highway</name>
        <address>Apsley Golf Club - Wimmera Highway Apsley</address>
        <description>Apsley</description>
        <styleUrl>#icon-1899-FF5252</styleUrl>
      </Placemark>
      <Placemark>
        <name>133 Elizabeth Street</name>
        <address>133 Elizabeth Street Ararat</address>
        <description>Ararat</description>
        <styleUrl>#icon-1899-FF5252</styleUrl>
      </Placemark>
      <Placemark>
        <name>21 Barkly Street West</name>
        <address>21 Barkly Street West Ararat</address>
        <description>Ararat</description>
        <styleUrl>#icon-1899-FF5252</styleUrl>
      </Placemark>
      <Placemark>
        <name>37 Stanhope street</name>
        <address>37 Stanhope street Armadale</address>
        <description>Armadale</description>
        <styleUrl>#icon-1899-FF5252</styleUrl>
      </Placemark>
      <Placemark>
        <name>18 Willis Street</name>
        <address>18 Willis Street Armadale</address>
        <description>Armadale</description>
        <styleUrl>#icon-1899-FF5252</styleUrl>
      </Placemark>
      <Placemark>
        <name>16 Willis Street</name>
        <address>16 Willis Street Armadale</address>
        <description>Armadale</description>
        <styleUrl>#icon-1899-FF5252</styleUrl>
      </Placemark>
      <Placemark>
        <name>101 Kooyong Road</name>
        <address>101 Kooyong Road Armadale</address>
        <description>Armadale</description>
        <styleUrl>#icon-1899-FF5252</styleUrl>
      </Placemark>
      <Placemark>
        <name>4 Harding Street</name>
        <address>4 Harding Street Ascot Vale</address>
        <description>Ascot Vale</description>
        <styleUrl>#icon-1899-FF5252</styleUrl>
      </Placemark>
      <Placemark>
        <name>91A Walter Street</name>
        <address>91A Walter Street Ascot Vale</address>
        <description>Ascot Vale</description>
        <styleUrl>#icon-1899-FF5252</styleUrl>
      </Placemark>
      <Placemark>
        <name>1/97 The Parade</name>
        <address>1/97 The Parade Ascot Vale</address>
        <description>Ascot Vale</description>
        <styleUrl>#icon-1899-FF5252</styleUrl>
      </Placemark>
      <Placemark>
        <name>91 Walter Street</name>
        <address>91 Walter Street Ascot Vale</address>
        <description>Ascot Vale</description>
        <styleUrl>#icon-1899-FF5252</styleUrl>
      </Placemark>
      <Placemark>
        <name>42 Ward Street</name>
        <address>42 Ward Street Ashburton</address>
        <description>Ashburton</description>
        <styleUrl>#icon-1899-FF5252</styleUrl>
      </Placemark>
      <Placemark>
        <name>127 Ashburn Grove</name>
        <address>127 Ashburn Grove Ashburton</address>
        <description>Ashburton</description>
        <styleUrl>#icon-1899-FF5252</styleUrl>
      </Placemark>
      <Placemark>
        <name>16 Kanooka Avenue</name>
        <address>16 Kanooka Avenue Ashwood</address>
        <description>Ashwood</description>
        <styleUrl>#icon-1899-FF5252</styleUrl>
      </Placemark>
      <Placemark>
        <name>13 Oakley Drive</name>
        <address>13 Oakley Drive Avondale Heights</address>
        <description>Avondale Heights</description>
        <styleUrl>#icon-1899-FF5252</styleUrl>
      </Placemark>
      <Placemark>
        <name>2A Rosehill Drive, Bacchus Marsh</name>
        <address>2A Rosehill Drive, Bacchus Marsh Bacchus Marsh</address>
        <description>Bacchus Marsh</description>
        <styleUrl>#icon-1899-FF5252</styleUrl>
      </Placemark>
      <Placemark>
        <name>83 Ballantine Street</name>
        <address>83 Ballantine Street Bairnsdale</address>
        <description>Bairnsdale</description>
        <styleUrl>#icon-1899-FF5252</styleUrl>
      </Placemark>
      <Placemark>
        <name>40 William Street</name>
        <address>40 William Street Balaclava</address>
        <description>Balaclava</description>
        <styleUrl>#icon-1899-FF5252</styleUrl>
      </Placemark>
      <Placemark>
        <name>1 Penny Lane</name>
        <address>1 Penny Lane Balaclava</address>
        <description>Balaclava</description>
        <styleUrl>#icon-1899-FF5252</styleUrl>
      </Placemark>
      <Placemark>
        <name>65 Addison Street</name>
        <address>65 Addison Street Elwood</address>
        <description>Elwood</description>
        <styleUrl>#icon-1899-FF5252</styleUrl>
      </Placemark>
      <Placemark>
        <name>19 Berry Street, Ballan</name>
        <address>19 Berry Street, Ballan Ballan</address>
        <description>Ballan</description>
        <styleUrl>#icon-1899-FF5252</styleUrl>
      </Placemark>
      <Placemark>
        <name>716 Sturt Street</name>
        <address>716 Sturt Street Ballarat</address>
        <description>Ballarat</description>
        <styleUrl>#icon-1899-FF5252</styleUrl>
      </Placemark>
      <Placemark>
        <name>177 Victoria St, Ballarat East</name>
        <address>177 Victoria St, Ballarat East Ballarat East</address>
        <description>Ballarat East</description>
        <styleUrl>#icon-1899-FF5252</styleUrl>
      </Placemark>
      <Placemark>
        <name>U3/23-25 Birdwood Street</name>
        <address>U3/23-25 Birdwood Street Balwyn</address>
        <description>Balwyn</description>
        <styleUrl>#icon-1899-FF5252</styleUrl>
      </Placemark>
      <Placemark>
        <name>246 McMahens Road</name>
        <address>246 McMahens Road Bangholme</address>
        <description>Bangholme</description>
        <styleUrl>#icon-1899-FF5252</styleUrl>
      </Placemark>
      <Placemark>
        <name>14 Duviney Way</name>
        <address>14 Duviney Way Bannockburn</address>
        <description>Bannockburn</description>
        <styleUrl>#icon-1899-FF5252</styleUrl>
      </Placemark>
      <Placemark>
        <name>145 Clyde Road</name>
        <address>145 Clyde Road Bannockburn</address>
        <description>Bannockburn</description>
        <styleUrl>#icon-1899-FF5252</styleUrl>
      </Placemark>
      <Placemark>
        <name>15 Middleton Drive</name>
        <address>15 Middleton Drive Bannockburn</address>
        <description>Bannockburn</description>
        <styleUrl>#icon-1899-FF5252</styleUrl>
      </Placemark>
      <Placemark>
        <name>12-14 Murray Street</name>
        <address>12-14 Murray Street Barham</address>
        <description>Barham</description>
        <styleUrl>#icon-1899-FF5252</styleUrl>
      </Placemark>
      <Placemark>
        <name>813 Boundary Drain Road</name>
        <address>813 Boundary Drain Road Bayles</address>
        <description>Bayles</description>
        <styleUrl>#icon-1899-FF5252</styleUrl>
      </Placemark>
      <Placemark>
        <name>1 St Andrews Road</name>
        <address>1 St Andrews Road Bayswater</address>
        <description>Bayswater</description>
        <styleUrl>#icon-1899-FF5252</styleUrl>
      </Placemark>
      <Placemark>
        <name>1/1 Amsted Road</name>
        <address>1/1 Amsted Road Bayswater</address>
        <description>Bayswater</description>
        <styleUrl>#icon-1899-FF5252</styleUrl>
      </Placemark>
      <Placemark>
        <name>10 Bell Bird Drive</name>
        <address>10 Bell Bird Drive Bayswater North</address>
        <description>Bayswater North</description>
        <styleUrl>#icon-1899-FF5252</styleUrl>
      </Placemark>
      <Placemark>
        <name>55 Bowman Road</name>
        <address>55 Bowman Road Beaconsfield</address>
        <description>Beaconsfield</description>
        <styleUrl>#icon-1899-FF5252</styleUrl>
      </Placemark>
      <Placemark>
        <name>81 Saint Georges Road</name>
        <address>81 Saint Georges Road Beaconsfield Upper</address>
        <description>Beaconsfield Upper</description>
        <styleUrl>#icon-1899-FF5252</styleUrl>
      </Placemark>
      <Placemark>
        <name>2 Tramway Parade</name>
        <address>2 Tramway Parade Beaumaris</address>
        <description>Beaumaris</description>
        <styleUrl>#icon-1899-FF5252</styleUrl>
      </Placemark>
      <Placemark>
        <name>69 Bruce Street</name>
        <address>69 Bruce Street Bell Park</address>
        <description>Bell Park</description>
        <styleUrl>#icon-1899-FF5252</styleUrl>
      </Placemark>
      <Placemark>
        <name>65A Woodacres Road</name>
        <address>65A Woodacres Road Bellbrae</address>
        <description>Bellbrae</description>
        <styleUrl>#icon-1899-FF5252</styleUrl>
      </Placemark>
      <Placemark>
        <name>35 Mernda Parade</name>
        <address>35 Mernda Parade Belmont</address>
        <description>Belmont</description>
        <styleUrl>#icon-1899-FF5252</styleUrl>
      </Placemark>
      <Placemark>
        <name>5 Autumn St</name>
        <address>5 Autumn St Belmont</address>
        <description>Belmont</description>
        <styleUrl>#icon-1899-FF5252</styleUrl>
      </Placemark>
      <Placemark>
        <name>3 Glenys Court</name>
        <address>3 Glenys Court Belmont</address>
        <description>Belmont</description>
        <styleUrl>#icon-1899-FF5252</styleUrl>
      </Placemark>
      <Placemark>
        <name>155 Roslyn Road</name>
        <address>155 Roslyn Road Belmont</address>
        <description>Belmont</description>
        <styleUrl>#icon-1899-FF5252</styleUrl>
      </Placemark>
      <Placemark>
        <name>115 Faithful Street</name>
        <address>115 Faithful Street Benalla</address>
        <description>Benalla</description>
        <styleUrl>#icon-1899-FF5252</styleUrl>
      </Placemark>
      <Placemark>
        <name>349 Benalla-Warrenbayne Road</name>
        <address>349 Benalla-Warrenbayne Road Benalla</address>
        <description>Benalla</description>
        <styleUrl>#icon-1899-FF5252</styleUrl>
      </Placemark>
      <Placemark>
        <name>17 Oak Avenue</name>
        <address>17 Oak Avenue Benalla</address>
        <description>Benalla</description>
        <styleUrl>#icon-1899-FF5252</styleUrl>
      </Placemark>
      <Placemark>
        <name>22 Noarana Drive</name>
        <address>22 Noarana Drive Benalla</address>
        <description>Benalla</description>
        <styleUrl>#icon-1899-FF5252</styleUrl>
      </Placemark>
      <Placemark>
        <name>2 Kurrajong Court</name>
        <address>2 Kurrajong Court Benalla</address>
        <description>Benalla</description>
        <styleUrl>#icon-1899-FF5252</styleUrl>
      </Placemark>
      <Placemark>
        <name>2-6 Sailors Gully Rd</name>
        <address>2-6 Sailors Gully Rd Bendigo</address>
        <description>Bendigo</description>
        <styleUrl>#icon-1899-FF5252</styleUrl>
      </Placemark>
      <Placemark>
        <name>42 Victoria Street</name>
        <address>42 Victoria Street Bendigo</address>
        <description>Bendigo</description>
        <styleUrl>#icon-1899-FF5252</styleUrl>
      </Placemark>
      <Placemark>
        <name>41 McLean Avenue</name>
        <address>41 McLean Avenue Bentleigh</address>
        <description>Bentleigh</description>
        <styleUrl>#icon-1899-FF5252</styleUrl>
      </Placemark>
      <Placemark>
        <name>80 Robert Street</name>
        <address>80 Robert Street Bentleigh</address>
        <description>Bentleigh</description>
        <styleUrl>#icon-1899-FF5252</styleUrl>
      </Placemark>
      <Placemark>
        <name>26 Kilander Crescent</name>
        <address>26 Kilander Crescent Berriedale</address>
        <description>Berriedale</description>
        <styleUrl>#icon-1899-FF5252</styleUrl>
      </Placemark>
      <Placemark>
        <name>4 Pagebrook Road</name>
        <address>4 Pagebrook Road Berwick</address>
        <description>Berwick</description>
        <styleUrl>#icon-1899-FF5252</styleUrl>
      </Placemark>
      <Placemark>
        <name>13 Fairholme Boulevard</name>
        <address>13 Fairholme Boulevard Berwick</address>
        <description>Berwick</description>
        <styleUrl>#icon-1899-FF5252</styleUrl>
      </Placemark>
      <Placemark>
        <name>6 Newsom Court</name>
        <address>6 Newsom Court Berwick</address>
        <description>Berwick</description>
        <styleUrl>#icon-1899-FF5252</styleUrl>
      </Placemark>
      <Placemark>
        <name>95 – 99 Railway Road</name>
        <address>95 – 99 Railway Road Blackburn</address>
        <description>Blackburn</description>
        <styleUrl>#icon-1899-FF5252</styleUrl>
      </Placemark>
      <Placemark>
        <name>145 Gravelly Beach Road</name>
        <address>145 Gravelly Beach Road Blackwall</address>
        <description>Blackwall</description>
        <styleUrl>#icon-1899-FF5252</styleUrl>
      </Placemark>
      <Placemark>
        <name>196 Cricks Road</name>
        <address>196 Cricks Road Blowhard</address>
        <description>Blowhard</description>
        <styleUrl>#icon-1899-FF5252</styleUrl>
      </Placemark>
      <Placemark>
        <name>100 Godfrey St</name>
        <address>100 Godfrey St Boort</address>
        <description>Boort</description>
        <styleUrl>#icon-1899-FF5252</styleUrl>
      </Placemark>
      <Placemark>
        <name>45 Errol Street</name>
        <address>45 Errol Street Braybrook</address>
        <description>Braybrook</description>
        <styleUrl>#icon-1899-FF5252</styleUrl>
      </Placemark>
      <Placemark>
        <name>4 Wallace Street</name>
        <address>4 Wallace Street Bridgewater</address>
        <description>Bridgewater</description>
        <styleUrl>#icon-1899-FF5252</styleUrl>
      </Placemark>
      <Placemark>
        <name>46 Orchard Street</name>
        <address>46 Orchard Street Brighton</address>
        <description>Brighton</description>
        <styleUrl>#icon-1899-FF5252</styleUrl>
      </Placemark>
      <Placemark>
        <name>10 Lindsay Street</name>
        <address>10 Lindsay Street Brighton</address>
        <description>Brighton</description>
        <styleUrl>#icon-1899-FF5252</styleUrl>
      </Placemark>
      <Placemark>
        <name>10 Cairnes Crescent</name>
        <address>10 Cairnes Crescent Brighton</address>
        <description>Brighton</description>
        <styleUrl>#icon-1899-FF5252</styleUrl>
      </Placemark>
      <Placemark>
        <name>118 Cole Street</name>
        <address>118 Cole Street Brighton</address>
        <description>Brighton</description>
        <styleUrl>#icon-1899-FF5252</styleUrl>
      </Placemark>
      <Placemark>
        <name>48a Montclair Avenue</name>
        <address>48a Montclair Avenue Brighton</address>
        <description>Brighton</description>
        <styleUrl>#icon-1899-FF5252</styleUrl>
      </Placemark>
      <Placemark>
        <name>7 Louise Street</name>
        <address>7 Louise Street Brighton East</address>
        <description>Brighton East</description>
        <styleUrl>#icon-1899-FF5252</styleUrl>
      </Placemark>
      <Placemark>
        <name>12b Beltane Ave</name>
        <address>12b Beltane Ave Brighton East</address>
        <description>Brighton East</description>
        <styleUrl>#icon-1899-FF5252</styleUrl>
      </Placemark>
      <Placemark>
        <name>36 Tatura Crescent</name>
        <address>36 Tatura Crescent Broadmeadows</address>
        <description>Broadmeadows</description>
        <styleUrl>#icon-1899-FF5252</styleUrl>
      </Placemark>
      <Placemark>
        <name>640-680 Geelong Road</name>
        <address>640-680 Geelong Road Brooklyn</address>
        <description>Brooklyn</description>
        <styleUrl>#icon-1899-FF5252</styleUrl>
      </Placemark>
      <Placemark>
        <name>203 Albion Street</name>
        <address>203 Albion Street Brunswick</address>
        <description>Brunswick</description>
        <styleUrl>#icon-1899-FF5252</styleUrl>
      </Placemark>
      <Placemark>
        <name>5/25 Mitchell Street</name>
        <address>5/25 Mitchell Street Brunswick</address>
        <description>Brunswick</description>
        <styleUrl>#icon-1899-FF5252</styleUrl>
      </Placemark>
      <Placemark>
        <name>98 Edward Street</name>
        <address>98 Edward Street Brunswick</address>
        <description>Brunswick</description>
        <styleUrl>#icon-1899-FF5252</styleUrl>
      </Placemark>
      <Placemark>
        <name>7 Collier Crescent</name>
        <address>7 Collier Crescent Brunswick</address>
        <description>Brunswick</description>
        <styleUrl>#icon-1899-FF5252</styleUrl>
      </Placemark>
      <Placemark>
        <name>208 Albert Street</name>
        <address>208 Albert Street Brunswick</address>
        <description>Brunswick</description>
        <styleUrl>#icon-1899-FF5252</styleUrl>
      </Placemark>
      <Placemark>
        <name>95 Evans Street</name>
        <address>95 Evans Street Brunswick</address>
        <description>Brunswick</description>
        <styleUrl>#icon-1899-FF5252</styleUrl>
      </Placemark>
      <Placemark>
        <name>5 Methven Street</name>
        <address>5 Methven Street Brunswick East</address>
        <description>Brunswick East</description>
        <styleUrl>#icon-1899-FF5252</styleUrl>
      </Placemark>
      <Placemark>
        <name>128 Victoria Street</name>
        <address>128 Victoria Street Brunswick East</address>
        <description>Brunswick East</description>
        <styleUrl>#icon-1899-FF5252</styleUrl>
      </Placemark>
      <Placemark>
        <name>130 Victoria Street</name>
        <address>130 Victoria Street Brunswick East</address>
        <description>Brunswick East</description>
        <styleUrl>#icon-1899-FF5252</styleUrl>
      </Placemark>
      <Placemark>
        <name>4/19 Mclean Street</name>
        <address>4/19 Mclean Street Brunswick West</address>
        <description>Brunswick West</description>
        <styleUrl>#icon-1899-FF5252</styleUrl>
      </Placemark>
      <Placemark>
        <name>871 Park Street</name>
        <address>871 Park Street Brunswick West</address>
        <description>Brunswick West</description>
        <styleUrl>#icon-1899-FF5252</styleUrl>
      </Placemark>
      <Placemark>
        <name>14b Bent Street</name>
        <address>14b Bent Street Brunswick West</address>
        <description>Brunswick West</description>
        <styleUrl>#icon-1899-FF5252</styleUrl>
      </Placemark>
      <Placemark>
        <name>27 Fitzgibbon Avenue</name>
        <address>27 Fitzgibbon Avenue Brunswick West</address>
        <description>Brunswick West</description>
        <styleUrl>#icon-1899-FF5252</styleUrl>
      </Placemark>
      <Placemark>
        <name>20 Lilian Street</name>
        <address>20 Lilian Street Bulleen</address>
        <description>Bulleen</description>
        <styleUrl>#icon-1899-FF5252</styleUrl>
      </Placemark>
      <Placemark>
        <name>35 Galileo Gateway</name>
        <address>35 Galileo Gateway Bundoora</address>
        <description>Bundoora</description>
        <styleUrl>#icon-1899-FF5252</styleUrl>
      </Placemark>
      <Placemark>
        <name>13 Princeton Terrace</name>
        <address>13 Princeton Terrace Bundoora</address>
        <description>Bundoora</description>
        <styleUrl>#icon-1899-FF5252</styleUrl>
      </Placemark>
      <Placemark>
        <name>6 Lucy Court</name>
        <address>6 Lucy Court Bundoora</address>
        <description>Bundoora</description>
        <styleUrl>#icon-1899-FF5252</styleUrl>
      </Placemark>
      <Placemark>
        <name>5 Carbine Place</name>
        <address>5 Carbine Place Bundoora</address>
        <description>Bundoora</description>
        <styleUrl>#icon-1899-FF5252</styleUrl>
      </Placemark>
      <Placemark>
        <name>35 Parkes Way</name>
        <address>35 Parkes Way Burnside Heights</address>
        <description>Burnside Heights</description>
        <styleUrl>#icon-1899-FF5252</styleUrl>
      </Placemark>
      <Placemark>
        <name>20 Dawayne Street</name>
        <address>20 Dawayne Street Burwood East</address>
        <description>Burwood East</description>
        <styleUrl>#icon-1899-FF5252</styleUrl>
      </Placemark>
      <Placemark>
        <name>13 Sugarloaf Close</name>
        <address>13 Sugarloaf Close Burwood East</address>
        <description>Burwood East</description>
        <styleUrl>#icon-1899-FF5252</styleUrl>
      </Placemark>
      <Placemark>
        <name>2 Braywood Terrace</name>
        <address>2 Braywood Terrace Cairnlea</address>
        <description>Cairnlea</description>
        <styleUrl>#icon-1899-FF5252</styleUrl>
      </Placemark>
      <Placemark>
        <name>8 Grassypoint Road</name>
        <address>8 Grassypoint Road Cairnlea</address>
        <description>Cairnlea</description>
        <styleUrl>#icon-1899-FF5252</styleUrl>
      </Placemark>
      <Placemark>
        <name>2 BERWICK STREET</name>
        <address>2 BERWICK STREET CAMBERWELL</address>
        <description>CAMBERWELL</description>
        <styleUrl>#icon-1899-FF5252</styleUrl>
      </Placemark>
      <Placemark>
        <name>1 Range Street</name>
        <address>1 Range Street Camberwell</address>
        <description>Camberwell</description>
        <styleUrl>#icon-1899-FF5252</styleUrl>
      </Placemark>
      <Placemark>
        <name>500 Burke Road</name>
        <address>500 Burke Road Camberwell</address>
        <description>Camberwell</description>
        <styleUrl>#icon-1899-FF5252</styleUrl>
      </Placemark>
      <Placemark>
        <name>25 Madden Road</name>
        <address>25 Madden Road Cardigan Village</address>
        <description>Cardigan Village</description>
        <styleUrl>#icon-1899-FF5252</styleUrl>
      </Placemark>
      <Placemark>
        <name>1/1044 Drummond Street</name>
        <address>1/1044 Drummond Street Carlton North</address>
        <description>Carlton North</description>
        <styleUrl>#icon-1899-FF5252</styleUrl>
      </Placemark>
      <Placemark>
        <name>44 Morgan Street</name>
        <address>44 Morgan Street Carnegie</address>
        <description>Carnegie</description>
        <styleUrl>#icon-1899-FF5252</styleUrl>
      </Placemark>
      <Placemark>
        <name>15 Liriope Green</name>
        <address>15 Liriope Green Caroline Springs</address>
        <description>Caroline Springs</description>
        <styleUrl>#icon-1899-FF5252</styleUrl>
      </Placemark>
      <Placemark>
        <name>21 Kings Domain</name>
        <address>21 Kings Domain Caroline Springs</address>
        <description>Caroline Springs</description>
        <styleUrl>#icon-1899-FF5252</styleUrl>
      </Placemark>
      <Placemark>
        <name>15 Normanby Avenue</name>
        <address>15 Normanby Avenue Caulfield North</address>
        <description>Caulfield North</description>
        <styleUrl>#icon-1899-FF5252</styleUrl>
      </Placemark>
      <Placemark>
        <name>397 North Road</name>
        <address>397 North Road Caulfield South</address>
        <description>Caulfield South</description>
        <styleUrl>#icon-1899-FF5252</styleUrl>
      </Placemark>
      <Placemark>
        <name>21 Moroney Drive</name>
        <address>21 Moroney Drive Chadstone</address>
        <description>Chadstone</description>
        <styleUrl>#icon-1899-FF5252</styleUrl>
      </Placemark>
      <Placemark>
        <name>28/140-148 Chesterville Road</name>
        <address>28/140-148 Chesterville Road Cheltenham</address>
        <description>Cheltenham</description>
        <styleUrl>#icon-1899-FF5252</styleUrl>
      </Placemark>
      <Placemark>
        <name>5 Kinarra Crescent</name>
        <address>5 Kinarra Crescent Chigwell</address>
        <description>Chigwell</description>
        <styleUrl>#icon-1899-FF5252</styleUrl>
      </Placemark>
      <Placemark>
        <name>31 Barkly Street</name>
        <address>31 Barkly Street Chiltern</address>
        <description>Chiltern</description>
        <styleUrl>#icon-1899-FF5252</styleUrl>
      </Placemark>
      <Placemark>
        <name>2 Reid Street</name>
        <address>2 Reid Street Chiltern</address>
        <description>Chiltern</description>
        <styleUrl>#icon-1899-FF5252</styleUrl>
      </Placemark>
      <Placemark>
        <name>20 Sugarloaf Drive</name>
        <address>20 Sugarloaf Drive Chirnside Park</address>
        <description>Chirnside Park</description>
        <styleUrl>#icon-1899-FF5252</styleUrl>
      </Placemark>
      <Placemark>
        <name>Unit 1 24-26 Clarinda Road</name>
        <address>Unit 1 24-26 Clarinda Road Clarinda</address>
        <description>Clarinda</description>
        <styleUrl>#icon-1899-FF5252</styleUrl>
      </Placemark>
      <Placemark>
        <name>Unit 3 19-21 Sarton Road</name>
        <address>Unit 3 19-21 Sarton Road Clayton</address>
        <description>Clayton</description>
        <styleUrl>#icon-1899-FF5252</styleUrl>
      </Placemark>
      <Placemark>
        <name>238 Albert Street</name>
        <address>238 Albert Street Brunswick</address>
        <description>Brunswick</description>
        <styleUrl>#icon-1899-FF5252</styleUrl>
      </Placemark>
      <Placemark>
        <name>52 Grant Street</name>
        <address>52 Grant Street Clifton Hill</address>
        <description>Clifton Hill</description>
        <styleUrl>#icon-1899-FF5252</styleUrl>
      </Placemark>
      <Placemark>
        <name>150 Spensley Street</name>
        <address>150 Spensley Street Clifton Hill</address>
        <description>Clifton Hill</description>
        <styleUrl>#icon-1899-FF5252</styleUrl>
      </Placemark>
      <Placemark>
        <name>25 Mirrabooka Drive</name>
        <address>25 Mirrabooka Drive Clifton Springs</address>
        <description>Clifton Springs</description>
        <styleUrl>#icon-1899-FF5252</styleUrl>
      </Placemark>
      <Placemark>
        <name>136 High Street</name>
        <address>136 High Street Cobram</address>
        <description>Cobram</description>
        <styleUrl>#icon-1899-FF5252</styleUrl>
      </Placemark>
      <Placemark>
        <name>1 Lily Street</name>
        <address>1 Lily Street Coburg</address>
        <description>Coburg</description>
        <styleUrl>#icon-1899-FF5252</styleUrl>
      </Placemark>
      <Placemark>
        <name>121 Reynard Street</name>
        <address>121 Reynard Street Coburg</address>
        <description>Coburg</description>
        <styleUrl>#icon-1899-FF5252</styleUrl>
      </Placemark>
      <Placemark>
        <name>97 The Grove</name>
        <address>97 The Grove Coburg</address>
        <description>Coburg</description>
        <styleUrl>#icon-1899-FF5252</styleUrl>
      </Placemark>
      <Placemark>
        <name>131 Bakers Road</name>
        <address>131 Bakers Road Coburg North</address>
        <description>Coburg North</description>
        <styleUrl>#icon-1899-FF5252</styleUrl>
      </Placemark>
      <Placemark>
        <name>294 Wellington Street</name>
        <address>294 Wellington Street Collingwood</address>
        <description>Collingwood</description>
        <styleUrl>#icon-1899-FF5252</styleUrl>
      </Placemark>
      <Placemark>
        <name>2-4 Little Oxford Street</name>
        <address>2-4 Little Oxford Street Collingwood</address>
        <description>Collingwood</description>
        <styleUrl>#icon-1899-FF5252</styleUrl>
      </Placemark>
      <Placemark>
        <name>99 Hotham Street</name>
        <address>99 Hotham Street Collingwood</address>
        <description>Collingwood</description>
        <styleUrl>#icon-1899-FF5252</styleUrl>
      </Placemark>
      <Placemark>
        <name>122 Keele Street</name>
        <address>122 Keele Street Collingwood</address>
        <description>Collingwood</description>
        <styleUrl>#icon-1899-FF5252</styleUrl>
      </Placemark>
      <Placemark>
        <name>82 Keele Street</name>
        <address>82 Keele Street Collingwood</address>
        <description>Collingwood</description>
        <styleUrl>#icon-1899-FF5252</styleUrl>
      </Placemark>
      <Placemark>
        <name>11 Yorkshire Terrace</name>
        <address>11 Yorkshire Terrace Craigieburn</address>
        <description>Craigieburn</description>
        <styleUrl>#icon-1899-FF5252</styleUrl>
      </Placemark>
      <Placemark>
        <name>32 Liverpool circuit</name>
        <address>32 Liverpool circuit Craigieburn</address>
        <description>Craigieburn</description>
        <styleUrl>#icon-1899-FF5252</styleUrl>
      </Placemark>
      <Placemark>
        <name>109 and 109A Golf View Drive</name>
        <address>109 and 109A Golf View Drive Craigieburn</address>
        <description>Craigieburn</description>
        <styleUrl>#icon-1899-FF5252</styleUrl>
      </Placemark>
      <Placemark>
        <name>24 Canisby Way</name>
        <address>24 Canisby Way Craigieburn</address>
        <description>Craigieburn</description>
        <styleUrl>#icon-1899-FF5252</styleUrl>
      </Placemark>
      <Placemark>
        <name>1/287 South Gippsland Highway</name>
        <address>1/287 South Gippsland Highway Cranbourne</address>
        <description>Cranbourne</description>
        <styleUrl>#icon-1899-FF5252</styleUrl>
      </Placemark>
      <Placemark>
        <name>14 Tattle Grove</name>
        <address>14 Tattle Grove Cranbourne East</address>
        <description>Cranbourne East</description>
        <styleUrl>#icon-1899-FF5252</styleUrl>
      </Placemark>
      <Placemark>
        <name>22 Raglan Street</name>
        <address>22 Raglan Street Creswick</address>
        <description>Creswick</description>
        <styleUrl>#icon-1899-FF5252</styleUrl>
      </Placemark>
      <Placemark>
        <name>23/56 Norton Road</name>
        <address>23/56 Norton Road Croydon</address>
        <description>Croydon</description>
        <styleUrl>#icon-1899-FF5252</styleUrl>
      </Placemark>
      <Placemark>
        <name>Unit 1 61 Mount View Parade</name>
        <address>Unit 1 61 Mount View Parade Croydon</address>
        <description>Croydon</description>
        <styleUrl>#icon-1899-FF5252</styleUrl>
      </Placemark>
      <Placemark>
        <name>13 Karingal Street</name>
        <address>13 Karingal Street Croydon North</address>
        <description>Croydon North</description>
        <styleUrl>#icon-1899-FF5252</styleUrl>
      </Placemark>
      <Placemark>
        <name>3 Mountain Heath Walk</name>
        <address>3 Mountain Heath Walk Croydon South</address>
        <description>Croydon South</description>
        <styleUrl>#icon-1899-FF5252</styleUrl>
      </Placemark>
      <Placemark>
        <name>30 Taylors Road</name>
        <address>30 Taylors Road Culcairn</address>
        <description>Culcairn</description>
        <styleUrl>#icon-1899-FF5252</styleUrl>
      </Placemark>
      <Placemark>
        <name>93 Ordish Road</name>
        <address>93 Ordish Road Dandedong South</address>
        <description>Dandedong South</description>
        <styleUrl>#icon-1899-FF5252</styleUrl>
      </Placemark>
      <Placemark>
        <name>53/55 Robinson Street</name>
        <address>53/55 Robinson Street Dandenong</address>
        <description>Dandenong</description>
        <styleUrl>#icon-1899-FF5252</styleUrl>
      </Placemark>
      <Placemark>
        <name>53/55 Robinson Street</name>
        <address>53/55 Robinson Street Dandenong</address>
        <description>Dandenong</description>
        <styleUrl>#icon-1899-FF5252</styleUrl>
      </Placemark>
      <Placemark>
        <name>74-76 Nissan Drive</name>
        <address>74-76 Nissan Drive Dandenong South</address>
        <description>Dandenong South</description>
        <styleUrl>#icon-1899-FF5252</styleUrl>
      </Placemark>
      <Placemark>
        <name>1 Jayco Drive</name>
        <address>1 Jayco Drive Dandenong South</address>
        <description>Dandenong South</description>
        <styleUrl>#icon-1899-FF5252</styleUrl>
      </Placemark>
      <Placemark>
        <name>7 Trinacria Court</name>
        <address>7 Trinacria Court Deer Park</address>
        <description>Deer Park</description>
        <styleUrl>#icon-1899-FF5252</styleUrl>
      </Placemark>
      <Placemark>
        <name>2/10 Winnington St</name>
        <address>2/10 Winnington St Deer Park</address>
        <description>Deer Park</description>
        <styleUrl>#icon-1899-FF5252</styleUrl>
      </Placemark>
      <Placemark>
        <name>12 Banyule Drive, Delacombe</name>
        <address>12 Banyule Drive, Delacombe Delacombe</address>
        <description>Delacombe</description>
        <styleUrl>#icon-1899-FF5252</styleUrl>
      </Placemark>
      <Placemark>
        <name>2 Loris crt</name>
        <address>2 Loris crt Delacombe</address>
        <description>Delacombe</description>
        <styleUrl>#icon-1899-FF5252</styleUrl>
      </Placemark>
      <Placemark>
        <name>11 Donne Court</name>
        <address>11 Donne Court Delahey</address>
        <description>Delahey</description>
        <styleUrl>#icon-1899-FF5252</styleUrl>
      </Placemark>
      <Placemark>
        <name>50 Carew Street</name>
        <address>50 Carew Street Deniliquin</address>
        <description>Deniliquin</description>
        <styleUrl>#icon-1899-FF5252</styleUrl>
      </Placemark>
      <Placemark>
        <name>2061 Dandenong Road</name>
        <address>2061 Dandenong Road Clayton</address>
        <description>Clayton</description>
        <styleUrl>#icon-1899-FF5252</styleUrl>
      </Placemark>
      <Placemark>
        <name>30 Taylors Road</name>
        <address>30 Taylors Road Culcairn</address>
        <description>Culcairn</description>
        <styleUrl>#icon-1899-FF5252</styleUrl>
      </Placemark>
      <Placemark>
        <name>2 Metung court</name>
        <address>2 Metung court Dingley Village</address>
        <description>Dingley Village</description>
        <styleUrl>#icon-1899-FF5252</styleUrl>
      </Placemark>
      <Placemark>
        <name>7/174 Centre Dandenong Road</name>
        <address>7/174 Centre Dandenong Road Dingley Village</address>
        <description>Dingley Village</description>
        <styleUrl>#icon-1899-FF5252</styleUrl>
      </Placemark>
      <Placemark>
        <name>2 Rips Court</name>
        <address>2 Rips Court Dingley Village</address>
        <description>Dingley Village</description>
        <styleUrl>#icon-1899-FF5252</styleUrl>
      </Placemark>
      <Placemark>
        <name>85-88, 114 Upper California Gully Road</name>
        <address>85-88, 114 Upper California Gully Road Eaglehawk</address>
        <description>Eaglehawk</description>
        <styleUrl>#icon-1899-FF5252</styleUrl>
      </Placemark>
      <Placemark>
        <name>8 Mount Street</name>
        <address>8 Mount Street Eaglemont</address>
        <description>Eaglemont</description>
        <styleUrl>#icon-1899-FF5252</styleUrl>
      </Placemark>
      <Placemark>
        <name>815 Wharparilla Road</name>
        <address>815 Wharparilla Road Echuca West</address>
        <description>Echuca West</description>
        <styleUrl>#icon-1899-FF5252</styleUrl>
      </Placemark>
      <Placemark>
        <name>7/2-3 Gracie Avenue</name>
        <address>7/2-3 Gracie Avenue Edithvale</address>
        <description>Edithvale</description>
        <styleUrl>#icon-1899-FF5252</styleUrl>
      </Placemark>
      <Placemark>
        <name>72 Ruskin Street</name>
        <address>72 Ruskin Street Elwood</address>
        <description>Elwood</description>
        <styleUrl>#icon-1899-FF5252</styleUrl>
      </Placemark>
      <Placemark>
        <name>8 Docker Street</name>
        <address>8 Docker Street Elwood</address>
        <description>Elwood</description>
        <styleUrl>#icon-1899-FF5252</styleUrl>
      </Placemark>
      <Placemark>
        <name>72 Ruskin Street</name>
        <address>72 Ruskin Street Elwood</address>
        <description>Elwood</description>
        <styleUrl>#icon-1899-FF5252</styleUrl>
      </Placemark>
      <Placemark>
        <name>75 Spray Street</name>
        <address>75 Spray Street Elwood</address>
        <description>Elwood</description>
        <styleUrl>#icon-1899-FF5252</styleUrl>
      </Placemark>
      <Placemark>
        <name>65 Addison Street</name>
        <address>65 Addison Street Elwood</address>
        <description>Elwood</description>
        <styleUrl>#icon-1899-FF5252</styleUrl>
      </Placemark>
      <Placemark>
        <name>25 Addison Street</name>
        <address>25 Addison Street Elwood</address>
        <description>Elwood</description>
        <styleUrl>#icon-1899-FF5252</styleUrl>
      </Placemark>
      <Placemark>
        <name>1 Aldous Court</name>
        <address>1 Aldous Court Epping</address>
        <description>Epping</description>
        <styleUrl>#icon-1899-FF5252</styleUrl>
      </Placemark>
      <Placemark>
        <name>39 Peterleigh Grove</name>
        <address>39 Peterleigh Grove Essendon</address>
        <description>Essendon</description>
        <styleUrl>#icon-1899-FF5252</styleUrl>
      </Placemark>
      <Placemark>
        <name>2 Leslie Road</name>
        <address>2 Leslie Road Essendon</address>
        <description>Essendon</description>
        <styleUrl>#icon-1899-FF5252</styleUrl>
      </Placemark>
      <Placemark>
        <name>27 Fletcher Street</name>
        <address>27 Fletcher Street Essendon</address>
        <description>Essendon</description>
        <styleUrl>#icon-1899-FF5252</styleUrl>
      </Placemark>
      <Placemark>
        <name>9 Carnarvon Road</name>
        <address>9 Carnarvon Road Essendon</address>
        <description>Essendon</description>
        <styleUrl>#icon-1899-FF5252</styleUrl>
      </Placemark>
      <Placemark>
        <name>128 Market Street</name>
        <address>128 Market Street Essendon</address>
        <description>Essendon</description>
        <styleUrl>#icon-1899-FF5252</styleUrl>
      </Placemark>
      <Placemark>
        <name>Unit 5 5 Weir Street</name>
        <address>Unit 5 5 Weir Street Euroa</address>
        <description>Euroa</description>
        <styleUrl>#icon-1899-FF5252</styleUrl>
      </Placemark>
      <Placemark>
        <name>57 Rathmines St</name>
        <address>57 Rathmines St Fairfield</address>
        <description>Fairfield</description>
        <styleUrl>#icon-1899-FF5252</styleUrl>
      </Placemark>
      <Placemark>
        <name>224-256 Heidelberg Road</name>
        <address>224-256 Heidelberg Road Fairfield</address>
        <description>Fairfield</description>
        <styleUrl>#icon-1899-FF5252</styleUrl>
      </Placemark>
      <Placemark>
        <name>7/10 Derby Street</name>
        <address>7/10 Derby Street Fawkner</address>
        <description>Fawkner</description>
        <styleUrl>#icon-1899-FF5252</styleUrl>
      </Placemark>
      <Placemark>
        <name>13 Sandgate Boulevard</name>
        <address>13 Sandgate Boulevard Ferntree Gully</address>
        <description>Ferntree Gully</description>
        <styleUrl>#icon-1899-FF5252</styleUrl>
      </Placemark>
      <Placemark>
        <name>1725 Ferntree Gully Road</name>
        <address>1725 Ferntree Gully Road Ferntree Gully</address>
        <description>Ferntree Gully</description>
        <styleUrl>#icon-1899-FF5252</styleUrl>
      </Placemark>
      <Placemark>
        <name>25 Austin Street</name>
        <address>25 Austin Street Ferntree Gully</address>
        <description>Ferntree Gully</description>
        <styleUrl>#icon-1899-FF5252</styleUrl>
      </Placemark>
      <Placemark>
        <name>273 Murray Street</name>
        <address>273 Murray Street Finley</address>
        <description>Finley</description>
        <styleUrl>#icon-1899-FF5252</styleUrl>
      </Placemark>
      <Placemark>
        <name>17 Napier Street</name>
        <address>17 Napier Street Fitzroy</address>
        <description>Fitzroy</description>
        <styleUrl>#icon-1899-FF5252</styleUrl>
      </Placemark>
      <Placemark>
        <name>44 Young Street</name>
        <address>44 Young Street Fitzroy</address>
        <description>Fitzroy</description>
        <styleUrl>#icon-1899-FF5252</styleUrl>
      </Placemark>
      <Placemark>
        <name>814 Brunswick Street North</name>
        <address>814 Brunswick Street North Fitzroy North</address>
        <description>Fitzroy North</description>
        <styleUrl>#icon-1899-FF5252</styleUrl>
      </Placemark>
      <Placemark>
        <name>47 Kneen Street</name>
        <address>47 Kneen Street Fitzroy North</address>
        <description>Fitzroy North</description>
        <styleUrl>#icon-1899-FF5252</styleUrl>
      </Placemark>
      <Placemark>
        <name>50 Carew Street</name>
        <address>50 Carew Street Deniliquin</address>
        <description>Deniliquin</description>
        <styleUrl>#icon-1899-FF5252</styleUrl>
      </Placemark>
      <Placemark>
        <name>551 Rae Street</name>
        <address>551 Rae Street Fitzroy North</address>
        <description>Fitzroy North</description>
        <styleUrl>#icon-1899-FF5252</styleUrl>
      </Placemark>
      <Placemark>
        <name>80 Clauscen Street</name>
        <address>80 Clauscen Street Fitzroy North</address>
        <description>Fitzroy North</description>
        <styleUrl>#icon-1899-FF5252</styleUrl>
      </Placemark>
      <Placemark>
        <name>120 Pin Oak Crescent</name>
        <address>120 Pin Oak Crescent Flemington</address>
        <description>Flemington</description>
        <styleUrl>#icon-1899-FF5252</styleUrl>
      </Placemark>
      <Placemark>
        <name>59 Illawarra Road</name>
        <address>59 Illawarra Road Flemington</address>
        <description>Flemington</description>
        <styleUrl>#icon-1899-FF5252</styleUrl>
      </Placemark>
      <Placemark>
        <name>43 Paisley Street</name>
        <address>43 Paisley Street Footscray</address>
        <description>Footscray</description>
        <styleUrl>#icon-1899-FF5252</styleUrl>
      </Placemark>
      <Placemark>
        <name>124-180 Ballarat Road</name>
        <address>124-180 Ballarat Road Footscray</address>
        <description>Footscray</description>
        <styleUrl>#icon-1899-FF5252</styleUrl>
      </Placemark>
      <Placemark>
        <name>43 Paisley Street</name>
        <address>43 Paisley Street Footscray</address>
        <description>Footscray</description>
        <styleUrl>#icon-1899-FF5252</styleUrl>
      </Placemark>
      <Placemark>
        <name>4 Beaurepaire Parade</name>
        <address>4 Beaurepaire Parade Footscray</address>
        <description>Footscray</description>
        <styleUrl>#icon-1899-FF5252</styleUrl>
      </Placemark>
      <Placemark>
        <name>14 Beame Street</name>
        <address>14 Beame Street Footscray</address>
        <description>Footscray</description>
        <styleUrl>#icon-1899-FF5252</styleUrl>
      </Placemark>
      <Placemark>
        <name>258 Ballarat Road</name>
        <address>258 Ballarat Road Footscray</address>
        <description>Footscray</description>
        <styleUrl>#icon-1899-FF5252</styleUrl>
      </Placemark>
      <Placemark>
        <name>1/15 Moore Street</name>
        <address>1/15 Moore Street Footscray</address>
        <description>Footscray</description>
        <styleUrl>#icon-1899-FF5252</styleUrl>
      </Placemark>
      <Placemark>
        <name>43 Romoly Drive</name>
        <address>43 Romoly Drive Forest Hill</address>
        <description>Forest Hill</description>
        <styleUrl>#icon-1899-FF5252</styleUrl>
      </Placemark>
      <Placemark>
        <name>13 Nurla Court</name>
        <address>13 Nurla Court Frankston</address>
        <description>Frankston</description>
        <styleUrl>#icon-1899-FF5252</styleUrl>
      </Placemark>
      <Placemark>
        <name>24 Idon Ave</name>
        <address>24 Idon Ave Frankston South</address>
        <description>Frankston South</description>
        <styleUrl>#icon-1899-FF5252</styleUrl>
      </Placemark>
      <Placemark>
        <name>108 Barwon Tce</name>
        <address>108 Barwon Tce Geelong</address>
        <description>Geelong</description>
        <styleUrl>#icon-1899-FF5252</styleUrl>
      </Placemark>
      <Placemark>
        <name>893 Glenellen Road</name>
        <address>893 Glenellen Road Gerogery</address>
        <description>Gerogery</description>
        <styleUrl>#icon-1899-FF5252</styleUrl>
      </Placemark>
      <Placemark>
        <name>104 McCurdy Road</name>
        <address>104 McCurdy Road Gheringhap</address>
        <description>Gheringhap</description>
        <styleUrl>#icon-1899-FF5252</styleUrl>
      </Placemark>
      <Placemark>
        <name>5-7 Ross Watt Road</name>
        <address>5-7 Ross Watt Road Gisborne</address>
        <description>Gisborne</description>
        <styleUrl>#icon-1899-FF5252</styleUrl>
      </Placemark>
      <Placemark>
        <name>5 Adam Court</name>
        <address>5 Adam Court Gladstone Park</address>
        <description>Gladstone Park</description>
        <styleUrl>#icon-1899-FF5252</styleUrl>
      </Placemark>
      <Placemark>
        <name>13 Vaucluse Avenue</name>
        <address>13 Vaucluse Avenue Gladstone Park</address>
        <description>Gladstone Park</description>
        <styleUrl>#icon-1899-FF5252</styleUrl>
      </Placemark>
      <Placemark>
        <name>10 Parking Street</name>
        <address>10 Parking Street Glen Iris</address>
        <description>Glen Iris</description>
        <styleUrl>#icon-1899-FF5252</styleUrl>
      </Placemark>
      <Placemark>
        <name>18 Springvale Road</name>
        <address>18 Springvale Road Glen Waverley</address>
        <description>Glen Waverley</description>
        <styleUrl>#icon-1899-FF5252</styleUrl>
      </Placemark>
      <Placemark>
        <name>52 Brynor Crescent</name>
        <address>52 Brynor Crescent Glen Waverley</address>
        <description>Glen Waverley</description>
        <styleUrl>#icon-1899-FF5252</styleUrl>
      </Placemark>
      <Placemark>
        <name>54 Outlook Dr</name>
        <address>54 Outlook Dr Glenroy</address>
        <description>Glenroy</description>
        <styleUrl>#icon-1899-FF5252</styleUrl>
      </Placemark>
      <Placemark>
        <name>15 Augustine Terrace</name>
        <address>15 Augustine Terrace Glenroy</address>
        <description>Glenroy</description>
        <styleUrl>#icon-1899-FF5252</styleUrl>
      </Placemark>
      <Placemark>
        <name>1/10 Leonard Avenue Glenroy</name>
        <address>1/10 Leonard Avenue Glenroy Glenroy</address>
        <description>Glenroy</description>
        <styleUrl>#icon-1899-FF5252</styleUrl>
      </Placemark>
      <Placemark>
        <name>15 Finchley Avenue</name>
        <address>15 Finchley Avenue Glenroy</address>
        <description>Glenroy</description>
        <styleUrl>#icon-1899-FF5252</styleUrl>
      </Placemark>
      <Placemark>
        <name>34 Magpie Street</name>
        <address>34 Magpie Street Golden Point</address>
        <description>Golden Point</description>
        <styleUrl>#icon-1899-FF5252</styleUrl>
      </Placemark>
      <Placemark>
        <name>84 La Cote Road</name>
        <address>84 La Cote Road Greendale</address>
        <description>Greendale</description>
        <styleUrl>#icon-1899-FF5252</styleUrl>
      </Placemark>
      <Placemark>
        <name>26 Simmington Circuit</name>
        <address>26 Simmington Circuit Greenvale</address>
        <description>Greenvale</description>
        <styleUrl>#icon-1899-FF5252</styleUrl>
      </Placemark>
      <Placemark>
        <name>11 Ellesby Court</name>
        <address>11 Ellesby Court Grovedale</address>
        <description>Grovedale</description>
        <styleUrl>#icon-1899-FF5252</styleUrl>
      </Placemark>
      <Placemark>
        <name>75 Burdoo Drive</name>
        <address>75 Burdoo Drive Grovedale</address>
        <description>Grovedale</description>
        <styleUrl>#icon-1899-FF5252</styleUrl>
      </Placemark>
      <Placemark>
        <name>11 Ellesby Court</name>
        <address>11 Ellesby Court Grovedale</address>
        <description>Grovedale</description>
        <styleUrl>#icon-1899-FF5252</styleUrl>
      </Placemark>
      <Placemark>
        <name>224 Bailey Street</name>
        <address>224 Bailey Street Grovedale</address>
        <description>Grovedale</description>
        <styleUrl>#icon-1899-FF5252</styleUrl>
      </Placemark>
      <Placemark>
        <name>11 Ellesby Court</name>
        <address>11 Ellesby Court Grovedale</address>
        <description>Grovedale</description>
        <styleUrl>#icon-1899-FF5252</styleUrl>
      </Placemark>
      <Placemark>
        <name>67 Burdoo Drive</name>
        <address>67 Burdoo Drive Grovedale</address>
        <description>Grovedale</description>
        <styleUrl>#icon-1899-FF5252</styleUrl>
      </Placemark>
      <Placemark>
        <name>34 Wingarra Drive</name>
        <address>34 Wingarra Drive Grovedale</address>
        <description>Grovedale</description>
        <styleUrl>#icon-1899-FF5252</styleUrl>
      </Placemark>
      <Placemark>
        <name>34 Diaz Drive</name>
        <address>34 Diaz Drive Grovedale</address>
        <description>Grovedale</description>
        <styleUrl>#icon-1899-FF5252</styleUrl>
      </Placemark>
      <Placemark>
        <name>26 Kana Street</name>
        <address>26 Kana Street Grovedale</address>
        <description>Grovedale</description>
        <styleUrl>#icon-1899-FF5252</styleUrl>
      </Placemark>
      <Placemark>
        <name>24 Walls Crescent</name>
        <address>24 Walls Crescent Hamilton</address>
        <description>Hamilton</description>
        <styleUrl>#icon-1899-FF5252</styleUrl>
      </Placemark>
      <Placemark>
        <name>80 George Street</name>
        <address>80 George Street Hamilton</address>
        <description>Hamilton</description>
        <styleUrl>#icon-1899-FF5252</styleUrl>
      </Placemark>
      <Placemark>
        <name>53 Moodies Road</name>
        <address>53 Moodies Road Hamilton</address>
        <description>Hamilton</description>
        <styleUrl>#icon-1899-FF5252</styleUrl>
      </Placemark>
      <Placemark>
        <name>3/46 Fewster Road</name>
        <address>3/46 Fewster Road Hampton</address>
        <description>Hampton</description>
        <styleUrl>#icon-1899-FF5252</styleUrl>
      </Placemark>
      <Placemark>
        <name>62 Thomas Street</name>
        <address>62 Thomas Street Hampton</address>
        <description>Hampton</description>
        <styleUrl>#icon-1899-FF5252</styleUrl>
      </Placemark>
      <Placemark>
        <name>431 Hampton Street</name>
        <address>431 Hampton Street Hampton</address>
        <description>Hampton</description>
        <styleUrl>#icon-1899-FF5252</styleUrl>
      </Placemark>
      <Placemark>
        <name>Unit 5 2 Skinner Street</name>
        <address>Unit 5 2 Skinner Street Hastings</address>
        <description>Hastings</description>
        <styleUrl>#icon-1899-FF5252</styleUrl>
      </Placemark>
      <Placemark>
        <name>29 Schier Drive</name>
        <address>29 Schier Drive Haven</address>
        <description>Haven</description>
        <styleUrl>#icon-1899-FF5252</styleUrl>
      </Placemark>
      <Placemark>
        <name>3-29 Yarra Street</name>
        <address>3-29 Yarra Street Hawthorn</address>
        <description>Hawthorn</description>
        <styleUrl>#icon-1899-FF5252</styleUrl>
      </Placemark>
      <Placemark>
        <name>20a Liddiard Street</name>
        <address>20a Liddiard Street Hawthorn</address>
        <description>Hawthorn</description>
        <styleUrl>#icon-1899-FF5252</styleUrl>
      </Placemark>
      <Placemark>
        <name>210 Auburn Road</name>
        <address>210 Auburn Road Hawthorn</address>
        <description>Hawthorn</description>
        <styleUrl>#icon-1899-FF5252</styleUrl>
      </Placemark>
      <Placemark>
        <name>210 Auburn Road</name>
        <address>210 Auburn Road Hawthorn</address>
        <description>Hawthorn</description>
        <styleUrl>#icon-1899-FF5252</styleUrl>
      </Placemark>
      <Placemark>
        <name>31 Morotai Parade</name>
        <address>31 Morotai Parade Heidelberg West</address>
        <description>Heidelberg West</description>
        <styleUrl>#icon-1899-FF5252</styleUrl>
      </Placemark>
      <Placemark>
        <name>12A North Crescent</name>
        <address>12A North Crescent Heidelberg West</address>
        <description>Heidelberg West</description>
        <styleUrl>#icon-1899-FF5252</styleUrl>
      </Placemark>
      <Placemark>
        <name>9 June Street</name>
        <address>9 June Street Highett</address>
        <description>Highett</description>
        <styleUrl>#icon-1899-FF5252</styleUrl>
      </Placemark>
      <Placemark>
        <name>23 Gwyther Rd</name>
        <address>23 Gwyther Rd Highton</address>
        <description>Highton</description>
        <styleUrl>#icon-1899-FF5252</styleUrl>
      </Placemark>
      <Placemark>
        <name>43 Botanic Drive</name>
        <address>43 Botanic Drive Hillside</address>
        <description>Hillside</description>
        <styleUrl>#icon-1899-FF5252</styleUrl>
      </Placemark>
      <Placemark>
        <name>16 Callaway Lane</name>
        <address>16 Callaway Lane Hillside</address>
        <description>Hillside</description>
        <styleUrl>#icon-1899-FF5252</styleUrl>
      </Placemark>
      <Placemark>
        <name>4 Tulip Crt</name>
        <address>4 Tulip Crt Hillside</address>
        <description>Hillside</description>
        <styleUrl>#icon-1899-FF5252</styleUrl>
      </Placemark>
      <Placemark>
        <name>120 Lascelles Street</name>
        <address>120 Lascelles Street Hopetoun</address>
        <description>Hopetoun</description>
        <styleUrl>#icon-1899-FF5252</styleUrl>
      </Placemark>
      <Placemark>
        <name>41 Toole Street</name>
        <address>41 Toole Street Hopetoun</address>
        <description>Hopetoun</description>
        <styleUrl>#icon-1899-FF5252</styleUrl>
      </Placemark>
      <Placemark>
        <name>230B Hiltons Road</name>
        <address>230B Hiltons Road Hopetoun</address>
        <description>Hopetoun</description>
        <styleUrl>#icon-1899-FF5252</styleUrl>
      </Placemark>
      <Placemark>
        <name>39 Delbridge St</name>
        <address>39 Delbridge St Fitzroy North</address>
        <description>Fitzroy North</description>
        <styleUrl>#icon-1899-FF5252</styleUrl>
      </Placemark>
      <Placemark>
        <name>12 Jarrah Court</name>
        <address>12 Jarrah Court Hoppers Crossing</address>
        <description>Hoppers Crossing</description>
        <styleUrl>#icon-1899-FF5252</styleUrl>
      </Placemark>
      <Placemark>
        <name>16 Smeaton Avenue</name>
        <address>16 Smeaton Avenue Hoppers Crossing</address>
        <description>Hoppers Crossing</description>
        <styleUrl>#icon-1899-FF5252</styleUrl>
      </Placemark>
      <Placemark>
        <name>1 Gordon Street</name>
        <address>1 Gordon Street Horsham</address>
        <description>Horsham</description>
        <styleUrl>#icon-1899-FF5252</styleUrl>
      </Placemark>
      <Placemark>
        <name>23 Citrus Ave</name>
        <address>23 Citrus Ave Horsham</address>
        <description>Horsham</description>
        <styleUrl>#icon-1899-FF5252</styleUrl>
      </Placemark>
      <Placemark>
        <name>7 Ladlow Court</name>
        <address>7 Ladlow Court Horsham</address>
        <description>Horsham</description>
        <styleUrl>#icon-1899-FF5252</styleUrl>
      </Placemark>
      <Placemark>
        <name>6 Finlayson Court</name>
        <address>6 Finlayson Court Horsham</address>
        <description>Horsham</description>
        <styleUrl>#icon-1899-FF5252</styleUrl>
      </Placemark>
      <Placemark>
        <name>27 Natimuk Rd, Horsham</name>
        <address>27 Natimuk Rd, Horsham Horsham</address>
        <description>Horsham</description>
        <styleUrl>#icon-1899-FF5252</styleUrl>
      </Placemark>
      <Placemark>
        <name>60 Dooen Road, Horsham</name>
        <address>60 Dooen Road, Horsham Horsham</address>
        <description>Horsham</description>
        <styleUrl>#icon-1899-FF5252</styleUrl>
      </Placemark>
      <Placemark>
        <name>4 Begg Street</name>
        <address>4 Begg Street Horsham</address>
        <description>Horsham</description>
        <styleUrl>#icon-1899-FF5252</styleUrl>
      </Placemark>
      <Placemark>
        <name>3 Clara Court</name>
        <address>3 Clara Court Horsham</address>
        <description>Horsham</description>
        <styleUrl>#icon-1899-FF5252</styleUrl>
      </Placemark>
      <Placemark>
        <name>19 Wotonga Dr</name>
        <address>19 Wotonga Dr Horsham</address>
        <description>Horsham</description>
        <styleUrl>#icon-1899-FF5252</styleUrl>
      </Placemark>
      <Placemark>
        <name>1/13 Bowden St Horsham</name>
        <address>1/13 Bowden St Horsham Horsham</address>
        <description>Horsham</description>
        <styleUrl>#icon-1899-FF5252</styleUrl>
      </Placemark>
      <Placemark>
        <name>18 Alinta Street</name>
        <address>18 Alinta Street Howrah</address>
        <description>Howrah</description>
        <styleUrl>#icon-1899-FF5252</styleUrl>
      </Placemark>
      <Placemark>
        <name>10 Pearsalls Road</name>
        <address>10 Pearsalls Road Inverloch</address>
        <description>Inverloch</description>
        <styleUrl>#icon-1899-FF5252</styleUrl>
      </Placemark>
      <Placemark>
        <name>31 Club Crescent</name>
        <address>31 Club Crescent Invermay Park</address>
        <description>Invermay Park</description>
        <styleUrl>#icon-1899-FF5252</styleUrl>
      </Placemark>
      <Placemark>
        <name>2821 Eleventh Street</name>
        <address>2821 Eleventh Street Irymple</address>
        <description>Irymple</description>
        <styleUrl>#icon-1899-FF5252</styleUrl>
      </Placemark>
      <Placemark>
        <name>1/32 Stortford Avenue</name>
        <address>1/32 Stortford Avenue Ivanhoe</address>
        <description>Ivanhoe</description>
        <styleUrl>#icon-1899-FF5252</styleUrl>
      </Placemark>
      <Placemark>
        <name>34 Marshall Street</name>
        <address>34 Marshall Street Ivanhoe</address>
        <description>Ivanhoe</description>
        <styleUrl>#icon-1899-FF5252</styleUrl>
      </Placemark>
      <Placemark>
        <name>52 Burke Road North</name>
        <address>52 Burke Road North Ivanhoe East</address>
        <description>Ivanhoe East</description>
        <styleUrl>#icon-1899-FF5252</styleUrl>
      </Placemark>
      <Placemark>
        <name>1/124 Langton Street</name>
        <address>1/124 Langton Street Jacana</address>
        <description>Jacana</description>
        <styleUrl>#icon-1899-FF5252</styleUrl>
      </Placemark>
      <Placemark>
        <name>3 John Street</name>
        <address>3 John Street Jeparit</address>
        <description>Jeparit</description>
        <styleUrl>#icon-1899-FF5252</styleUrl>
      </Placemark>
      <Placemark>
        <name>1 Patterson Avenue</name>
        <address>1 Patterson Avenue Keilor</address>
        <description>Keilor</description>
        <styleUrl>#icon-1899-FF5252</styleUrl>
      </Placemark>
      <Placemark>
        <name>2 Tumut Court</name>
        <address>2 Tumut Court Keilor</address>
        <description>Keilor</description>
        <styleUrl>#icon-1899-FF5252</styleUrl>
      </Placemark>
      <Placemark>
        <name>6 Watson Rise</name>
        <address>6 Watson Rise Keilor</address>
        <description>Keilor</description>
        <styleUrl>#icon-1899-FF5252</styleUrl>
      </Placemark>
      <Placemark>
        <name>106 Burrowye Crescent</name>
        <address>106 Burrowye Crescent Keilor</address>
        <description>Keilor</description>
        <styleUrl>#icon-1899-FF5252</styleUrl>
      </Placemark>
      <Placemark>
        <name>22 Herbert Crescent</name>
        <address>22 Herbert Crescent Keilor East</address>
        <description>Keilor East</description>
        <styleUrl>#icon-1899-FF5252</styleUrl>
      </Placemark>
      <Placemark>
        <name>22 Moyangul Drive</name>
        <address>22 Moyangul Drive Keilor East</address>
        <description>Keilor East</description>
        <styleUrl>#icon-1899-FF5252</styleUrl>
      </Placemark>
      <Placemark>
        <name>60 Nordic Avenue</name>
        <address>60 Nordic Avenue Keilor Lodge</address>
        <description>Keilor Lodge</description>
        <styleUrl>#icon-1899-FF5252</styleUrl>
      </Placemark>
      <Placemark>
        <name>83 Rankins Road</name>
        <address>83 Rankins Road Kensington</address>
        <description>Kensington</description>
        <styleUrl>#icon-1899-FF5252</styleUrl>
      </Placemark>
      <Placemark>
        <name>32-34 McCracken Street</name>
        <address>32-34 McCracken Street Kensington</address>
        <description>Kensington</description>
        <styleUrl>#icon-1899-FF5252</styleUrl>
      </Placemark>
      <Placemark>
        <name>60 Tennyson Street</name>
        <address>60 Tennyson Street Kensington</address>
        <description>Kensington</description>
        <styleUrl>#icon-1899-FF5252</styleUrl>
      </Placemark>
      <Placemark>
        <name>74 Tennyson Street</name>
        <address>74 Tennyson Street Kensington</address>
        <description>Kensington</description>
        <styleUrl>#icon-1899-FF5252</styleUrl>
      </Placemark>
      <Placemark>
        <name>17 Sutherland Avenue</name>
        <address>17 Sutherland Avenue Kew East</address>
        <description>Kew East</description>
        <styleUrl>#icon-1899-FF5252</styleUrl>
      </Placemark>
      <Placemark>
        <name>45 White Avenue</name>
        <address>45 White Avenue Kew East</address>
        <description>Kew East</description>
        <styleUrl>#icon-1899-FF5252</styleUrl>
      </Placemark>
      <Placemark>
        <name>Apt 67 1 Wiltshire Dr,</name>
        <address>Apt 67 1 Wiltshire Dr, Kew VIC</address>
        <description>Kew VIC</description>
        <styleUrl>#icon-1899-FF5252</styleUrl>
      </Placemark>
      <Placemark>
        <name>83 Keys Road</name>
        <address>83 Keys Road Keysborough</address>
        <description>Keysborough</description>
        <styleUrl>#icon-1899-FF5252</styleUrl>
      </Placemark>
      <Placemark>
        <name>80 Laws Drive</name>
        <address>80 Laws Drive Kialla</address>
        <description>Kialla</description>
        <styleUrl>#icon-1899-FF5252</styleUrl>
      </Placemark>
      <Placemark>
        <name>9 Bennetts Road</name>
        <address>9 Bennetts Road Kialla West</address>
        <description>Kialla West</description>
        <styleUrl>#icon-1899-FF5252</styleUrl>
      </Placemark>
      <Placemark>
        <name>6 Martin Ct</name>
        <address>6 Martin Ct Kilcunda</address>
        <description>Kilcunda</description>
        <styleUrl>#icon-1899-FF5252</styleUrl>
      </Placemark>
      <Placemark>
        <name>10 Geoffrey Drive</name>
        <address>10 Geoffrey Drive Kilsyth</address>
        <description>Kilsyth</description>
        <styleUrl>#icon-1899-FF5252</styleUrl>
      </Placemark>
      <Placemark>
        <name>89 Panubra Street</name>
        <address>89 Panubra Street Kings Meadows</address>
        <description>Kings Meadows</description>
        <styleUrl>#icon-1899-FF5252</styleUrl>
      </Placemark>
      <Placemark>
        <name>54 Braeswood Road</name>
        <address>54 Braeswood Road Kings Park</address>
        <description>Kings Park</description>
        <styleUrl>#icon-1899-FF5252</styleUrl>
      </Placemark>
      <Placemark>
        <name>105 The Fairway</name>
        <address>105 The Fairway Kingsbury</address>
        <description>Kingsbury</description>
        <styleUrl>#icon-1899-FF5252</styleUrl>
      </Placemark>
      <Placemark>
        <name>20 Apolline Drive</name>
        <address>20 Apolline Drive Kingston</address>
        <description>Kingston</description>
        <styleUrl>#icon-1899-FF5252</styleUrl>
      </Placemark>
      <Placemark>
        <name>61 Kingsville Street</name>
        <address>61 Kingsville Street Kingsville</address>
        <description>Kingsville</description>
        <styleUrl>#icon-1899-FF5252</styleUrl>
      </Placemark>
      <Placemark>
        <name>335 Old Koonwarra-Meeniyen Road</name>
        <address>335 Old Koonwarra-Meeniyen Road Koonwarra</address>
        <description>Koonwarra</description>
        <styleUrl>#icon-1899-FF5252</styleUrl>
      </Placemark>
      <Placemark>
        <name>44 Skipton Street</name>
        <address>44 Skipton Street Kurunjang</address>
        <description>Kurunjang</description>
        <styleUrl>#icon-1899-FF5252</styleUrl>
      </Placemark>
      <Placemark>
        <name>44 Skipton Street</name>
        <address>44 Skipton Street Kurunjang</address>
        <description>Kurunjang</description>
        <styleUrl>#icon-1899-FF5252</styleUrl>
      </Placemark>
      <Placemark>
        <name>1524 Sturt St, Lake Wendouree</name>
        <address>1524 Sturt St, Lake Wendouree Lake Wendouree</address>
        <description>Lake Wendouree</description>
        <styleUrl>#icon-1899-FF5252</styleUrl>
      </Placemark>
      <Placemark>
        <name>13 Alfred Street North</name>
        <address>13 Alfred Street North Lake Wendouree</address>
        <description>Lake Wendouree</description>
        <styleUrl>#icon-1899-FF5252</styleUrl>
      </Placemark>
      <Placemark>
        <name>3 14 Middle Street</name>
        <address>3 14 Middle Street Lakes Entrance</address>
        <description>Lakes Entrance</description>
        <styleUrl>#icon-1899-FF5252</styleUrl>
      </Placemark>
      <Placemark>
        <name>38 Church Street</name>
        <address>38 Church Street Lakes Entrance</address>
        <description>Lakes Entrance</description>
        <styleUrl>#icon-1899-FF5252</styleUrl>
      </Placemark>
      <Placemark>
        <name>1/281 Dalton Road</name>
        <address>1/281 Dalton Road Lalor</address>
        <description>Lalor</description>
        <styleUrl>#icon-1899-FF5252</styleUrl>
      </Placemark>
      <Placemark>
        <name>21 Springwater Drive</name>
        <address>21 Springwater Drive Lara</address>
        <description>Lara</description>
        <styleUrl>#icon-1899-FF5252</styleUrl>
      </Placemark>
      <Placemark>
        <name>89 Cimitiere Street</name>
        <address>89 Cimitiere Street Launceston</address>
        <description>Launceston</description>
        <styleUrl>#icon-1899-FF5252</styleUrl>
      </Placemark>
      <Placemark>
        <name>7 Balfour Place</name>
        <address>7 Balfour Place Launceston</address>
        <description>Launceston</description>
        <styleUrl>#icon-1899-FF5252</styleUrl>
      </Placemark>
      <Placemark>
        <name>2 Claydon Close</name>
        <address>2 Claydon Close Leongatha</address>
        <description>Leongatha</description>
        <styleUrl>#icon-1899-FF5252</styleUrl>
      </Placemark>
      <Placemark>
        <name>20 Grand Scenic Drive</name>
        <address>20 Grand Scenic Drive Leopold</address>
        <description>Leopold</description>
        <styleUrl>#icon-1899-FF5252</styleUrl>
      </Placemark>
      <Placemark>
        <name>20 Lochlan Court</name>
        <address>20 Lochlan Court Leopold</address>
        <description>Leopold</description>
        <styleUrl>#icon-1899-FF5252</styleUrl>
      </Placemark>
      <Placemark>
        <name>4 Prismatic Place</name>
        <address>4 Prismatic Place Leopold</address>
        <description>Leopold</description>
        <styleUrl>#icon-1899-FF5252</styleUrl>
      </Placemark>
      <Placemark>
        <name>33 Paterson Drive</name>
        <address>33 Paterson Drive Lynbrook</address>
        <description>Lynbrook</description>
        <styleUrl>#icon-1899-FF5252</styleUrl>
      </Placemark>
      <Placemark>
        <name>18 Oppy Crescent</name>
        <address>18 Oppy Crescent Hoppers Crossing</address>
        <description>Hoppers Crossing</description>
        <styleUrl>#icon-1899-FF5252</styleUrl>
      </Placemark>
      <Placemark>
        <name>14 Howard Street</name>
        <address>14 Howard Street Maidstone</address>
        <description>Maidstone</description>
        <styleUrl>#icon-1899-FF5252</styleUrl>
      </Placemark>
      <Placemark>
        <name>421 Tower Hill Road</name>
        <address>421 Tower Hill Road Mailors Flat</address>
        <description>Mailors Flat</description>
        <styleUrl>#icon-1899-FF5252</styleUrl>
      </Placemark>
      <Placemark>
        <name>4a Mayfield Avenue</name>
        <address>4a Mayfield Avenue Malvern</address>
        <description>Malvern</description>
        <styleUrl>#icon-1899-FF5252</styleUrl>
      </Placemark>
      <Placemark>
        <name>4 Coppin Street</name>
        <address>4 Coppin Street Malvern East</address>
        <description>Malvern East</description>
        <styleUrl>#icon-1899-FF5252</styleUrl>
      </Placemark>
      <Placemark>
        <name>1993 Malvern Rd,</name>
        <address>1993 Malvern Rd, Malvern East</address>
        <description>Malvern East</description>
        <styleUrl>#icon-1899-FF5252</styleUrl>
      </Placemark>
      <Placemark>
        <name>51 Millewa Avenue</name>
        <address>51 Millewa Avenue Malvern East</address>
        <description>Malvern East</description>
        <styleUrl>#icon-1899-FF5252</styleUrl>
      </Placemark>
      <Placemark>
        <name>17 Buloke Avenue</name>
        <address>17 Buloke Avenue Manor lakes</address>
        <description>Manor lakes</description>
        <styleUrl>#icon-1899-FF5252</styleUrl>
      </Placemark>
      <Placemark>
        <name>2 Dueran Lane</name>
        <address>2 Dueran Lane Mansfield</address>
        <description>Mansfield</description>
        <styleUrl>#icon-1899-FF5252</styleUrl>
      </Placemark>
      <Placemark>
        <name>12 Merlyn Street</name>
        <address>12 Merlyn Street Maribyrnong</address>
        <description>Maribyrnong</description>
        <styleUrl>#icon-1899-FF5252</styleUrl>
      </Placemark>
      <Placemark>
        <name>4 Skyline Drive</name>
        <address>4 Skyline Drive Maribyrnong</address>
        <description>Maribyrnong</description>
        <styleUrl>#icon-1899-FF5252</styleUrl>
      </Placemark>
      <Placemark>
        <name>19 Cornwall Place</name>
        <address>19 Cornwall Place Maribyrnong</address>
        <description>Maribyrnong</description>
        <styleUrl>#icon-1899-FF5252</styleUrl>
      </Placemark>
      <Placemark>
        <name>10 Tamala Ave</name>
        <address>10 Tamala Ave Marshall</address>
        <description>Marshall</description>
        <styleUrl>#icon-1899-FF5252</styleUrl>
      </Placemark>
      <Placemark>
        <name>721 Walshs Rd,</name>
        <address>721 Walshs Rd, McKenzie Creek</address>
        <description>McKenzie Creek</description>
        <styleUrl>#icon-1899-FF5252</styleUrl>
      </Placemark>
      <Placemark>
        <name>31 Ofarrell St Yarraville</name>
        <address>31 Ofarrell St Yarraville Melb</address>
        <description>Melb</description>
        <styleUrl>#icon-1899-FF5252</styleUrl>
      </Placemark>
      <Placemark>
        <name>36 Kantiki Drive</name>
        <address>36 Kantiki Drive Melbourne</address>
        <description>Melbourne</description>
        <styleUrl>#icon-1899-FF5252</styleUrl>
      </Placemark>
      <Placemark>
        <name>13 Navigation Drive</name>
        <address>13 Navigation Drive Melton</address>
        <description>Melton</description>
        <styleUrl>#icon-1899-FF5252</styleUrl>
      </Placemark>
      <Placemark>
        <name>14 Gloucester</name>
        <address>14 Gloucester Melton West</address>
        <description>Melton West</description>
        <styleUrl>#icon-1899-FF5252</styleUrl>
      </Placemark>
      <Placemark>
        <name>48 Staughton Street</name>
        <address>48 Staughton Street Meridith</address>
        <description>Meridith</description>
        <styleUrl>#icon-1899-FF5252</styleUrl>
      </Placemark>
      <Placemark>
        <name>Lot 1, Foreshore Mosquito Point</name>
        <address>Lot 1, Foreshore Mosquito Point Metung</address>
        <description>Metung</description>
        <styleUrl>#icon-1899-FF5252</styleUrl>
      </Placemark>
      <Placemark>
        <name>Unit 2 13 Rules Close</name>
        <address>Unit 2 13 Rules Close Mill Park</address>
        <description>Mill Park</description>
        <styleUrl>#icon-1899-FF5252</styleUrl>
      </Placemark>
      <Placemark>
        <name>16 Malua Crescent</name>
        <address>16 Malua Crescent Mill Park</address>
        <description>Mill Park</description>
        <styleUrl>#icon-1899-FF5252</styleUrl>
      </Placemark>
      <Placemark>
        <name>46 Kellaway Crescent</name>
        <address>46 Kellaway Crescent Mill Park</address>
        <description>Mill Park</description>
        <styleUrl>#icon-1899-FF5252</styleUrl>
      </Placemark>
      <Placemark>
        <name>13 Carbine Court</name>
        <address>13 Carbine Court Mill Park</address>
        <description>Mill Park</description>
        <styleUrl>#icon-1899-FF5252</styleUrl>
      </Placemark>
      <Placemark>
        <name>17 Jubilee Crescent</name>
        <address>17 Jubilee Crescent Mill Park</address>
        <description>Mill Park</description>
        <styleUrl>#icon-1899-FF5252</styleUrl>
      </Placemark>
      <Placemark>
        <name>13 Sirius Court</name>
        <address>13 Sirius Court Mill Park</address>
        <description>Mill Park</description>
        <styleUrl>#icon-1899-FF5252</styleUrl>
      </Placemark>
      <Placemark>
        <name>35 Main Street</name>
        <address>35 Main Street Minyip</address>
        <description>Minyip</description>
        <styleUrl>#icon-1899-FF5252</styleUrl>
      </Placemark>
      <Placemark>
        <name>10 Venice Ave</name>
        <address>10 Venice Ave Mitcham</address>
        <description>Mitcham</description>
        <styleUrl>#icon-1899-FF5252</styleUrl>
      </Placemark>
      <Placemark>
        <name>34 Vernal Avenue</name>
        <address>34 Vernal Avenue Mitcham</address>
        <description>Mitcham</description>
        <styleUrl>#icon-1899-FF5252</styleUrl>
      </Placemark>
      <Placemark>
        <name>Unit 2 2 Cecil Court</name>
        <address>Unit 2 2 Cecil Court Mitcham</address>
        <description>Mitcham</description>
        <styleUrl>#icon-1899-FF5252</styleUrl>
      </Placemark>
      <Placemark>
        <name>22 Churchill Street</name>
        <address>22 Churchill Street Mont Albert</address>
        <description>Mont Albert</description>
        <styleUrl>#icon-1899-FF5252</styleUrl>
      </Placemark>
      <Placemark>
        <name>16 Barloa Road</name>
        <address>16 Barloa Road Mont Albert</address>
        <description>Mont Albert</description>
        <styleUrl>#icon-1899-FF5252</styleUrl>
      </Placemark>
      <Placemark>
        <name>10 Duval Drive</name>
        <address>10 Duval Drive Maddingley</address>
        <description>Maddingley</description>
        <styleUrl>#icon-1899-FF5252</styleUrl>
      </Placemark>
      <Placemark>
        <name>1 Sydenham st</name>
        <address>1 Sydenham st Moonee Ponds</address>
        <description>Moonee Ponds</description>
        <styleUrl>#icon-1899-FF5252</styleUrl>
      </Placemark>
      <Placemark>
        <name>10 Newhall Avenue</name>
        <address>10 Newhall Avenue Moonee Ponds</address>
        <description>Moonee Ponds</description>
        <styleUrl>#icon-1899-FF5252</styleUrl>
      </Placemark>
      <Placemark>
        <name>45 Chaucer Street</name>
        <address>45 Chaucer Street Moonee Ponds</address>
        <description>Moonee Ponds</description>
        <styleUrl>#icon-1899-FF5252</styleUrl>
      </Placemark>
      <Placemark>
        <name>8 Ngarveno Street </name>
        <address>8 Ngarveno Street  Moonee Ponds </address>
        <description>Moonee Ponds </description>
        <styleUrl>#icon-1899-FF5252</styleUrl>
      </Placemark>
      <Placemark>
        <name>91 Hall Street</name>
        <address>91 Hall Street Mooroopna</address>
        <description>Mooroopna</description>
        <styleUrl>#icon-1899-FF5252</styleUrl>
      </Placemark>
      <Placemark>
        <name>14-16 Station Street</name>
        <address>14-16 Station Street Mount Eliza</address>
        <description>Mount Eliza</description>
        <styleUrl>#icon-1899-FF5252</styleUrl>
      </Placemark>
      <Placemark>
        <name>8 Glenholme Avenue</name>
        <address>8 Glenholme Avenue Mount Evelyn</address>
        <description>Mount Evelyn</description>
        <styleUrl>#icon-1899-FF5252</styleUrl>
      </Placemark>
      <Placemark>
        <name>7 Byron Street</name>
        <address>7 Byron Street Mount Martha</address>
        <description>Mount Martha</description>
        <styleUrl>#icon-1899-FF5252</styleUrl>
      </Placemark>
      <Placemark>
        <name>13 Klarica Close</name>
        <address>13 Klarica Close Mount Martha</address>
        <description>Mount Martha</description>
        <styleUrl>#icon-1899-FF5252</styleUrl>
      </Placemark>
      <Placemark>
        <name>750 Nepean Highway</name>
        <address>750 Nepean Highway Mount Martha</address>
        <description>Mount Martha</description>
        <styleUrl>#icon-1899-FF5252</styleUrl>
      </Placemark>
      <Placemark>
        <name>1/22 Rhonda Street</name>
        <address>1/22 Rhonda Street Mount Waverley</address>
        <description>Mount Waverley</description>
        <styleUrl>#icon-1899-FF5252</styleUrl>
      </Placemark>
      <Placemark>
        <name>1/22 Rhonda Street</name>
        <address>1/22 Rhonda Street Mount Waverley</address>
        <description>Mount Waverley</description>
        <styleUrl>#icon-1899-FF5252</styleUrl>
      </Placemark>
      <Placemark>
        <name>35 Foch Street</name>
        <address>35 Foch Street Mowbray</address>
        <description>Mowbray</description>
        <styleUrl>#icon-1899-FF5252</styleUrl>
      </Placemark>
      <Placemark>
        <name>2/21 Lebanon Crescent</name>
        <address>2/21 Lebanon Crescent Mulgrave</address>
        <description>Mulgrave</description>
        <styleUrl>#icon-1899-FF5252</styleUrl>
      </Placemark>
      <Placemark>
        <name>9 Enterprise Court</name>
        <address>9 Enterprise Court Mulgrave</address>
        <description>Mulgrave</description>
        <styleUrl>#icon-1899-FF5252</styleUrl>
      </Placemark>
      <Placemark>
        <name>26/28 Gerald Street</name>
        <address>26/28 Gerald Street Murrumbeena</address>
        <description>Murrumbeena</description>
        <styleUrl>#icon-1899-FF5252</styleUrl>
      </Placemark>
      <Placemark>
        <name>16 Cantwell Road</name>
        <address>16 Cantwell Road Narre Warren North</address>
        <description>Narre Warren North</description>
        <styleUrl>#icon-1899-FF5252</styleUrl>
      </Placemark>
      <Placemark>
        <name>181 Station Rd, New Gisborne</name>
        <address>181 Station Rd, New Gisborne New Gisborne</address>
        <description>New Gisborne</description>
        <styleUrl>#icon-1899-FF5252</styleUrl>
      </Placemark>
      <Placemark>
        <name>9 Comic Court</name>
        <address>9 Comic Court New Gisborne</address>
        <description>New Gisborne</description>
        <styleUrl>#icon-1899-FF5252</styleUrl>
      </Placemark>
      <Placemark>
        <name>80 Mason Street</name>
        <address>80 Mason Street New Port</address>
        <description>New Port</description>
        <styleUrl>#icon-1899-FF5252</styleUrl>
      </Placemark>
      <Placemark>
        <name>179 New Town Road</name>
        <address>179 New Town Road New Town</address>
        <description>New Town</description>
        <styleUrl>#icon-1899-FF5252</styleUrl>
      </Placemark>
      <Placemark>
        <name>4 Blackshaws Road</name>
        <address>4 Blackshaws Road Newport</address>
        <description>Newport</description>
        <styleUrl>#icon-1899-FF5252</styleUrl>
      </Placemark>
      <Placemark>
        <name>10 Davies Street rear lane way off Effingham Street</name>
        <address>10 Davies Street rear lane way off Effingham Street Newport</address>
        <description>Newport</description>
        <styleUrl>#icon-1899-FF5252</styleUrl>
      </Placemark>
      <Placemark>
        <name>14 Eliza Street,</name>
        <address>14 Eliza Street, Newport</address>
        <description>Newport</description>
        <styleUrl>#icon-1899-FF5252</styleUrl>
      </Placemark>
      <Placemark>
        <name>14a Ida Street</name>
        <address>14a Ida Street Niddrie</address>
        <description>Niddrie</description>
        <styleUrl>#icon-1899-FF5252</styleUrl>
      </Placemark>
      <Placemark>
        <name>2 Persica Place</name>
        <address>2 Persica Place Niddrie</address>
        <description>Niddrie</description>
        <styleUrl>#icon-1899-FF5252</styleUrl>
      </Placemark>
      <Placemark>
        <name>Lot 2 Fourteenth Street,</name>
        <address>Lot 2 Fourteenth Street, Mildura</address>
        <description>Mildura</description>
        <styleUrl>#icon-1899-FF5252</styleUrl>
      </Placemark>
      <Placemark>
        <name>399 Flemington Road</name>
        <address>399 Flemington Road North Melbourne</address>
        <description>North Melbourne</description>
        <styleUrl>#icon-1899-FF5252</styleUrl>
      </Placemark>
      <Placemark>
        <name>85 Lothian Street</name>
        <address>85 Lothian Street North Melbourne</address>
        <description>North Melbourne</description>
        <styleUrl>#icon-1899-FF5252</styleUrl>
      </Placemark>
      <Placemark>
        <name>87 Lothian Street</name>
        <address>87 Lothian Street North Melbourne</address>
        <description>North Melbourne</description>
        <styleUrl>#icon-1899-FF5252</styleUrl>
      </Placemark>
      <Placemark>
        <name>423 Dryburgh Street</name>
        <address>423 Dryburgh Street North Melbourne</address>
        <description>North Melbourne</description>
        <styleUrl>#icon-1899-FF5252</styleUrl>
      </Placemark>
      <Placemark>
        <name>21 Candy Street</name>
        <address>21 Candy Street Northcote</address>
        <description>Northcote</description>
        <styleUrl>#icon-1899-FF5252</styleUrl>
      </Placemark>
      <Placemark>
        <name>42 High St</name>
        <address>42 High St Northcote</address>
        <description>Northcote</description>
        <styleUrl>#icon-1899-FF5252</styleUrl>
      </Placemark>
      <Placemark>
        <name>6 Bank Street</name>
        <address>6 Bank Street Northcote</address>
        <description>Northcote</description>
        <styleUrl>#icon-1899-FF5252</styleUrl>
      </Placemark>
      <Placemark>
        <name>169 Beaconsfield Parade</name>
        <address>169 Beaconsfield Parade Northcote</address>
        <description>Northcote</description>
        <styleUrl>#icon-1899-FF5252</styleUrl>
      </Placemark>
      <Placemark>
        <name>18 Knowles Street</name>
        <address>18 Knowles Street Northcote</address>
        <description>Northcote</description>
        <styleUrl>#icon-1899-FF5252</styleUrl>
      </Placemark>
      <Placemark>
        <name>5 Clarke Street</name>
        <address>5 Clarke Street Northcote</address>
        <description>Northcote</description>
        <styleUrl>#icon-1899-FF5252</styleUrl>
      </Placemark>
      <Placemark>
        <name>89 Sloleys Bridge Road</name>
        <address>89 Sloleys Bridge Road Numurkah</address>
        <description>Numurkah</description>
        <styleUrl>#icon-1899-FF5252</styleUrl>
      </Placemark>
      <Placemark>
        <name>23 Tweddle Street</name>
        <address>23 Tweddle Street Numurkah</address>
        <description>Numurkah</description>
        <styleUrl>#icon-1899-FF5252</styleUrl>
      </Placemark>
      <Placemark>
        <name>17 Madigan Street</name>
        <address>17 Madigan Street Numurkah</address>
        <description>Numurkah</description>
        <styleUrl>#icon-1899-FF5252</styleUrl>
      </Placemark>
      <Placemark>
        <name>Unit 1 2 Russell St</name>
        <address>Unit 1 2 Russell St Numurkah</address>
        <description>Numurkah</description>
        <styleUrl>#icon-1899-FF5252</styleUrl>
      </Placemark>
      <Placemark>
        <name>1 Brooke Court</name>
        <address>1 Brooke Court Numurkah</address>
        <description>Numurkah</description>
        <styleUrl>#icon-1899-FF5252</styleUrl>
      </Placemark>
      <Placemark>
        <name>10 Brooke Court</name>
        <address>10 Brooke Court Numurkah</address>
        <description>Numurkah</description>
        <styleUrl>#icon-1899-FF5252</styleUrl>
      </Placemark>
      <Placemark>
        <name>21 Lever Street</name>
        <address>21 Lever Street Oakleigh</address>
        <description>Oakleigh</description>
        <styleUrl>#icon-1899-FF5252</styleUrl>
      </Placemark>
      <Placemark>
        <name>21 Lever Street</name>
        <address>21 Lever Street Oakleigh</address>
        <description>Oakleigh</description>
        <styleUrl>#icon-1899-FF5252</styleUrl>
      </Placemark>
      <Placemark>
        <name>21 Lever Street</name>
        <address>21 Lever Street Oakleigh</address>
        <description>Oakleigh</description>
        <styleUrl>#icon-1899-FF5252</styleUrl>
      </Placemark>
      <Placemark>
        <name>2 Tecoma Court</name>
        <address>2 Tecoma Court Oakleigh South</address>
        <description>Oakleigh South</description>
        <styleUrl>#icon-1899-FF5252</styleUrl>
      </Placemark>
      <Placemark>
        <name>7 Bungara Court</name>
        <address>7 Bungara Court Ocean Grove</address>
        <description>Ocean Grove</description>
        <styleUrl>#icon-1899-FF5252</styleUrl>
      </Placemark>
      <Placemark>
        <name>1-17 College Cres</name>
        <address>1-17 College Cres Parkville</address>
        <description>Parkville</description>
        <styleUrl>#icon-1899-FF5252</styleUrl>
      </Placemark>
      <Placemark>
        <name>900 Park Street</name>
        <address>900 Park Street Parkville</address>
        <description>Parkville</description>
        <styleUrl>#icon-1899-FF5252</styleUrl>
      </Placemark>
      <Placemark>
        <name>900 Park Street</name>
        <address>900 Park Street Parkville</address>
        <description>Parkville</description>
        <styleUrl>#icon-1899-FF5252</styleUrl>
      </Placemark>
      <Placemark>
        <name>1-5 Stewart Street</name>
        <address>1-5 Stewart Street Pascoe Vale</address>
        <description>Pascoe Vale</description>
        <styleUrl>#icon-1899-FF5252</styleUrl>
      </Placemark>
      <Placemark>
        <name>146 Melville Road</name>
        <address>146 Melville Road Pascoe Vale</address>
        <description>Pascoe Vale</description>
        <styleUrl>#icon-1899-FF5252</styleUrl>
      </Placemark>
      <Placemark>
        <name>5 Stewart Street</name>
        <address>5 Stewart Street Pascoe Vale</address>
        <description>Pascoe Vale</description>
        <styleUrl>#icon-1899-FF5252</styleUrl>
      </Placemark>
      <Placemark>
        <name>Unit 3 121-125 Northumberland Road</name>
        <address>Unit 3 121-125 Northumberland Road Pascoe Vale</address>
        <description>Pascoe Vale</description>
        <styleUrl>#icon-1899-FF5252</styleUrl>
      </Placemark>
      <Placemark>
        <name>6/19 West Street</name>
        <address>6/19 West Street Pascoe Vale</address>
        <description>Pascoe Vale</description>
        <styleUrl>#icon-1899-FF5252</styleUrl>
      </Placemark>
      <Placemark>
        <name>7 Stewart Street</name>
        <address>7 Stewart Street Pascoe Vale</address>
        <description>Pascoe Vale</description>
        <styleUrl>#icon-1899-FF5252</styleUrl>
      </Placemark>
      <Placemark>
        <name>3 Stewart Street</name>
        <address>3 Stewart Street Pascoe Vale</address>
        <description>Pascoe Vale</description>
        <styleUrl>#icon-1899-FF5252</styleUrl>
      </Placemark>
      <Placemark>
        <name>55 Dalkeith Drive</name>
        <address>55 Dalkeith Drive Point Cook</address>
        <description>Point Cook</description>
        <styleUrl>#icon-1899-FF5252</styleUrl>
      </Placemark>
      <Placemark>
        <name>19 Inverloch Drive</name>
        <address>19 Inverloch Drive Point Cook</address>
        <description>Point Cook</description>
        <styleUrl>#icon-1899-FF5252</styleUrl>
      </Placemark>
      <Placemark>
        <name>26 Boathaven Road</name>
        <address>26 Boathaven Road Point Cook</address>
        <description>Point Cook</description>
        <styleUrl>#icon-1899-FF5252</styleUrl>
      </Placemark>
      <Placemark>
        <name>16 Keneally Drive</name>
        <address>16 Keneally Drive Point Cook</address>
        <description>Point Cook</description>
        <styleUrl>#icon-1899-FF5252</styleUrl>
      </Placemark>
      <Placemark>
        <name>6-10 Ingles Street</name>
        <address>6-10 Ingles Street Port Melbourne</address>
        <description>Port Melbourne</description>
        <styleUrl>#icon-1899-FF5252</styleUrl>
      </Placemark>
      <Placemark>
        <name>1064 Wingara St</name>
        <address>1064 Wingara St North Albury</address>
        <description>North Albury</description>
        <styleUrl>#icon-1899-FF5252</styleUrl>
      </Placemark>
      <Placemark>
        <name>29A Cramer Street</name>
        <address>29A Cramer Street Preston</address>
        <description>Preston</description>
        <styleUrl>#icon-1899-FF5252</styleUrl>
      </Placemark>
      <Placemark>
        <name>207 Pigdon Street</name>
        <address>207 Pigdon Street Princes Hill</address>
        <description>Princes Hill</description>
        <styleUrl>#icon-1899-FF5252</styleUrl>
      </Placemark>
      <Placemark>
        <name>36 Vectis Station Road</name>
        <address>36 Vectis Station Road Quantong</address>
        <description>Quantong</description>
        <styleUrl>#icon-1899-FF5252</styleUrl>
      </Placemark>
      <Placemark>
        <name>37 Taverner Street</name>
        <address>37 Taverner Street Rainbow</address>
        <description>Rainbow</description>
        <styleUrl>#icon-1899-FF5252</styleUrl>
      </Placemark>
      <Placemark>
        <name>unit 1/515 Talbot Street South</name>
        <address>unit 1/515 Talbot Street South Redan</address>
        <description>Redan</description>
        <styleUrl>#icon-1899-FF5252</styleUrl>
      </Placemark>
      <Placemark>
        <name>195 Broadhurst Avenue</name>
        <address>195 Broadhurst Avenue Reservoir</address>
        <description>Reservoir</description>
        <styleUrl>#icon-1899-FF5252</styleUrl>
      </Placemark>
      <Placemark>
        <name>4 Moira Avenue</name>
        <address>4 Moira Avenue Reservoir</address>
        <description>Reservoir</description>
        <styleUrl>#icon-1899-FF5252</styleUrl>
      </Placemark>
      <Placemark>
        <name>21 Evans Crescent</name>
        <address>21 Evans Crescent Reservoir</address>
        <description>Reservoir</description>
        <styleUrl>#icon-1899-FF5252</styleUrl>
      </Placemark>
      <Placemark>
        <name>10 Hickford Street</name>
        <address>10 Hickford Street Reservoir</address>
        <description>Reservoir</description>
        <styleUrl>#icon-1899-FF5252</styleUrl>
      </Placemark>
      <Placemark>
        <name>2 Moira Avenue</name>
        <address>2 Moira Avenue Reservoir</address>
        <description>Reservoir</description>
        <styleUrl>#icon-1899-FF5252</styleUrl>
      </Placemark>
      <Placemark>
        <name>21 Evans Crescent</name>
        <address>21 Evans Crescent Reservoir</address>
        <description>Reservoir</description>
        <styleUrl>#icon-1899-FF5252</styleUrl>
      </Placemark>
      <Placemark>
        <name>3/26 Ralph Street</name>
        <address>3/26 Ralph Street Reservoir</address>
        <description>Reservoir</description>
        <styleUrl>#icon-1899-FF5252</styleUrl>
      </Placemark>
      <Placemark>
        <name>14B Banff Street</name>
        <address>14B Banff Street Reservoir</address>
        <description>Reservoir</description>
        <styleUrl>#icon-1899-FF5252</styleUrl>
      </Placemark>
      <Placemark>
        <name>1/10 Hickford Street</name>
        <address>1/10 Hickford Street Reservoir</address>
        <description>Reservoir</description>
        <styleUrl>#icon-1899-FF5252</styleUrl>
      </Placemark>
      <Placemark>
        <name>21 Evans Crescent</name>
        <address>21 Evans Crescent Reservoir</address>
        <description>Reservoir</description>
        <styleUrl>#icon-1899-FF5252</styleUrl>
      </Placemark>
      <Placemark>
        <name>13 Crown Street</name>
        <address>13 Crown Street Richmond</address>
        <description>Richmond</description>
        <styleUrl>#icon-1899-FF5252</styleUrl>
      </Placemark>
      <Placemark>
        <name>4 Moore Street</name>
        <address>4 Moore Street Richmond</address>
        <description>Richmond</description>
        <styleUrl>#icon-1899-FF5252</styleUrl>
      </Placemark>
      <Placemark>
        <name>31 Tudor Street</name>
        <address>31 Tudor Street Richmond</address>
        <description>Richmond</description>
        <styleUrl>#icon-1899-FF5252</styleUrl>
      </Placemark>
      <Placemark>
        <name>52 Stokes Street</name>
        <address>52 Stokes Street Preston</address>
        <description>Preston</description>
        <styleUrl>#icon-1899-FF5252</styleUrl>
      </Placemark>
      <Placemark>
        <name>54 Rooney Street</name>
        <address>54 Rooney Street Richmond</address>
        <description>Richmond</description>
        <styleUrl>#icon-1899-FF5252</styleUrl>
      </Placemark>
      <Placemark>
        <name>38 Murphy Street</name>
        <address>38 Murphy Street Richmond</address>
        <description>Richmond</description>
        <styleUrl>#icon-1899-FF5252</styleUrl>
      </Placemark>
      <Placemark>
        <name>237 Punt Road</name>
        <address>237 Punt Road Richmond</address>
        <description>Richmond</description>
        <styleUrl>#icon-1899-FF5252</styleUrl>
      </Placemark>
      <Placemark>
        <name>44 Waltham Street</name>
        <address>44 Waltham Street Richmond</address>
        <description>Richmond</description>
        <styleUrl>#icon-1899-FF5252</styleUrl>
      </Placemark>
      <Placemark>
        <name>8 Smith Street</name>
        <address>8 Smith Street Richmond</address>
        <description>Richmond</description>
        <styleUrl>#icon-1899-FF5252</styleUrl>
      </Placemark>
      <Placemark>
        <name>13 Egan Street</name>
        <address>13 Egan Street Richmond</address>
        <description>Richmond</description>
        <styleUrl>#icon-1899-FF5252</styleUrl>
      </Placemark>
      <Placemark>
        <name>10 Neptune Street</name>
        <address>10 Neptune Street Richmond</address>
        <description>Richmond</description>
        <styleUrl>#icon-1899-FF5252</styleUrl>
      </Placemark>
      <Placemark>
        <name>15 Egan St</name>
        <address>15 Egan St Richmond</address>
        <description>Richmond</description>
        <styleUrl>#icon-1899-FF5252</styleUrl>
      </Placemark>
      <Placemark>
        <name>13 Crown Street</name>
        <address>13 Crown Street Richmond</address>
        <description>Richmond</description>
        <styleUrl>#icon-1899-FF5252</styleUrl>
      </Placemark>
      <Placemark>
        <name>10 Neptune Street</name>
        <address>10 Neptune Street Richmond</address>
        <description>Richmond</description>
        <styleUrl>#icon-1899-FF5252</styleUrl>
      </Placemark>
      <Placemark>
        <name>4 Vesper Street</name>
        <address>4 Vesper Street Richmond</address>
        <description>Richmond</description>
        <styleUrl>#icon-1899-FF5252</styleUrl>
      </Placemark>
      <Placemark>
        <name>2 The Crofts</name>
        <address>2 The Crofts Richmond</address>
        <description>Richmond</description>
        <styleUrl>#icon-1899-FF5252</styleUrl>
      </Placemark>
      <Placemark>
        <name>1 Fordham Court</name>
        <address>1 Fordham Court Richmond</address>
        <description>Richmond</description>
        <styleUrl>#icon-1899-FF5252</styleUrl>
      </Placemark>
      <Placemark>
        <name>42 Racecourse Rd, Riddells Creek</name>
        <address>42 Racecourse Rd, Riddells Creek Riddells Creek</address>
        <description>Riddells Creek</description>
        <styleUrl>#icon-1899-FF5252</styleUrl>
      </Placemark>
      <Placemark>
        <name>25 Racecourse Road</name>
        <address>25 Racecourse Road Riddells Creek</address>
        <description>Riddells Creek</description>
        <styleUrl>#icon-1899-FF5252</styleUrl>
      </Placemark>
      <Placemark>
        <name>21 Somerville Lane</name>
        <address>21 Somerville Lane Riddells Creek</address>
        <description>Riddells Creek</description>
        <styleUrl>#icon-1899-FF5252</styleUrl>
      </Placemark>
      <Placemark>
        <name>160 New Street</name>
        <address>160 New Street Ringwood</address>
        <description>Ringwood</description>
        <styleUrl>#icon-1899-FF5252</styleUrl>
      </Placemark>
      <Placemark>
        <name>15 Valkyrie Crescent</name>
        <address>15 Valkyrie Crescent Ringwood</address>
        <description>Ringwood</description>
        <styleUrl>#icon-1899-FF5252</styleUrl>
      </Placemark>
      <Placemark>
        <name>62a Maroondah Highway</name>
        <address>62a Maroondah Highway Ringwood</address>
        <description>Ringwood</description>
        <styleUrl>#icon-1899-FF5252</styleUrl>
      </Placemark>
      <Placemark>
        <name>Unit 3 34 Andrew Street</name>
        <address>Unit 3 34 Andrew Street Ringwood</address>
        <description>Ringwood</description>
        <styleUrl>#icon-1899-FF5252</styleUrl>
      </Placemark>
      <Placemark>
        <name>Unit 2 34 Andrew Street</name>
        <address>Unit 2 34 Andrew Street Ringwood</address>
        <description>Ringwood</description>
        <styleUrl>#icon-1899-FF5252</styleUrl>
      </Placemark>
      <Placemark>
        <name>98 Sycamore Road</name>
        <address>98 Sycamore Road Risdon Vale</address>
        <description>Risdon Vale</description>
        <styleUrl>#icon-1899-FF5252</styleUrl>
      </Placemark>
      <Placemark>
        <name>49 Vaggs Road</name>
        <address>49 Vaggs Road Ross Creek</address>
        <description>Ross Creek</description>
        <styleUrl>#icon-1899-FF5252</styleUrl>
      </Placemark>
      <Placemark>
        <name>18 Corporate Avenue</name>
        <address>18 Corporate Avenue Rowville</address>
        <description>Rowville</description>
        <styleUrl>#icon-1899-FF5252</styleUrl>
      </Placemark>
      <Placemark>
        <name>331 Dandelion Dr</name>
        <address>331 Dandelion Dr Rowville</address>
        <description>Rowville</description>
        <styleUrl>#icon-1899-FF5252</styleUrl>
      </Placemark>
      <Placemark>
        <name>6 Turnberry Court</name>
        <address>6 Turnberry Court Rowville</address>
        <description>Rowville</description>
        <styleUrl>#icon-1899-FF5252</styleUrl>
      </Placemark>
      <Placemark>
        <name>25 Balmoral Avenue</name>
        <address>25 Balmoral Avenue Safety Beach</address>
        <description>Safety Beach</description>
        <styleUrl>#icon-1899-FF5252</styleUrl>
      </Placemark>
      <Placemark>
        <name>168 Alma Road</name>
        <address>168 Alma Road Saint Kilda East</address>
        <description>Saint Kilda East</description>
        <styleUrl>#icon-1899-FF5252</styleUrl>
      </Placemark>
      <Placemark>
        <name>168 Alma Road</name>
        <address>168 Alma Road Saint Kilda East</address>
        <description>Saint Kilda East</description>
        <styleUrl>#icon-1899-FF5252</styleUrl>
      </Placemark>
      <Placemark>
        <name>432 Churchill Avenue</name>
        <address>432 Churchill Avenue Sandy Bay</address>
        <description>Sandy Bay</description>
        <styleUrl>#icon-1899-FF5252</styleUrl>
      </Placemark>
      <Placemark>
        <name>526 Churchhill Avenue</name>
        <address>526 Churchhill Avenue Sandy Bay</address>
        <description>Sandy Bay</description>
        <styleUrl>#icon-1899-FF5252</styleUrl>
      </Placemark>
      <Placemark>
        <name>15 East Road</name>
        <address>15 East Road Seaford</address>
        <description>Seaford</description>
        <styleUrl>#icon-1899-FF5252</styleUrl>
      </Placemark>
      <Placemark>
        <name>10 Tower Street, Sebastopol</name>
        <address>10 Tower Street, Sebastopol Sebastopol</address>
        <description>Sebastopol</description>
        <styleUrl>#icon-1899-FF5252</styleUrl>
      </Placemark>
      <Placemark>
        <name>2/47-49 Beverin Street</name>
        <address>2/47-49 Beverin Street Sebastopol</address>
        <description>Sebastopol</description>
        <styleUrl>#icon-1899-FF5252</styleUrl>
      </Placemark>
      <Placemark>
        <name>50 Pentland Parade</name>
        <address>50 Pentland Parade Seddon</address>
        <description>Seddon</description>
        <styleUrl>#icon-1899-FF5252</styleUrl>
      </Placemark>
      <Placemark>
        <name>70 Connors Lane</name>
        <address>70 Connors Lane Seville</address>
        <description>Seville</description>
        <styleUrl>#icon-1899-FF5252</styleUrl>
      </Placemark>
      <Placemark>
        <name>47 Club Drive</name>
        <address>47 Club Drive Shearwater</address>
        <description>Shearwater</description>
        <styleUrl>#icon-1899-FF5252</styleUrl>
      </Placemark>
      <Placemark>
        <name>19 Victoria Street</name>
        <address>19 Victoria Street Shepparton</address>
        <description>Shepparton</description>
        <styleUrl>#icon-1899-FF5252</styleUrl>
      </Placemark>
      <Placemark>
        <name>28-30 Isabella Street</name>
        <address>28-30 Isabella Street Shepparton</address>
        <description>Shepparton</description>
        <styleUrl>#icon-1899-FF5252</styleUrl>
      </Placemark>
      <Placemark>
        <name>18 Abernethy Street</name>
        <address>18 Abernethy Street Shepparton</address>
        <description>Shepparton</description>
        <styleUrl>#icon-1899-FF5252</styleUrl>
      </Placemark>
      <Placemark>
        <name>6 Lagana Drive</name>
        <address>6 Lagana Drive Shepparton</address>
        <description>Shepparton</description>
        <styleUrl>#icon-1899-FF5252</styleUrl>
      </Placemark>
      <Placemark>
        <name>4 Morris Court</name>
        <address>4 Morris Court Shepparton</address>
        <description>Shepparton</description>
        <styleUrl>#icon-1899-FF5252</styleUrl>
      </Placemark>
      <Placemark>
        <name>10 Corvette Court</name>
        <address>10 Corvette Court Shepparton</address>
        <description>Shepparton</description>
        <styleUrl>#icon-1899-FF5252</styleUrl>
      </Placemark>
      <Placemark>
        <name>15 Vivi Court</name>
        <address>15 Vivi Court Skye</address>
        <description>Skye</description>
        <styleUrl>#icon-1899-FF5252</styleUrl>
      </Placemark>
      <Placemark>
        <name>23</name>
        <address>23 Smith Street</address>
        <description>Smith Street</description>
        <styleUrl>#icon-1899-FF5252</styleUrl>
      </Placemark>
      <Placemark>
        <name>121 Whites Road</name>
        <address>121 Whites Road Smythesdale</address>
        <description>Smythesdale</description>
        <styleUrl>#icon-1899-FF5252</styleUrl>
      </Placemark>
      <Placemark>
        <name>791 Linton-Carngham Road</name>
        <address>791 Linton-Carngham Road Snake Valley</address>
        <description>Snake Valley</description>
        <styleUrl>#icon-1899-FF5252</styleUrl>
      </Placemark>
      <Placemark>
        <name>239 Lydiard Street North</name>
        <address>239 Lydiard Street North Soldiers Hill</address>
        <description>Soldiers Hill</description>
        <styleUrl>#icon-1899-FF5252</styleUrl>
      </Placemark>
      <Placemark>
        <name>36 Murphy Street</name>
        <address>36 Murphy Street Richmond</address>
        <description>Richmond</description>
        <styleUrl>#icon-1899-FF5252</styleUrl>
      </Placemark>
      <Placemark>
        <name>77 Barwon Terrace</name>
        <address>77 Barwon Terrace South Geelong</address>
        <description>South Geelong</description>
        <styleUrl>#icon-1899-FF5252</styleUrl>
      </Placemark>
      <Placemark>
        <name>1c Saltley Street</name>
        <address>1c Saltley Street South Kingsville</address>
        <description>South Kingsville</description>
        <styleUrl>#icon-1899-FF5252</styleUrl>
      </Placemark>
      <Placemark>
        <name>3/51-55 Westbury Road</name>
        <address>3/51-55 Westbury Road South Launceston</address>
        <description>South Launceston</description>
        <styleUrl>#icon-1899-FF5252</styleUrl>
      </Placemark>
      <Placemark>
        <name>247 Montague Street</name>
        <address>247 Montague Street South Melbourne</address>
        <description>South Melbourne</description>
        <styleUrl>#icon-1899-FF5252</styleUrl>
      </Placemark>
      <Placemark>
        <name>20-22 Old Plenty Road</name>
        <address>20-22 Old Plenty Road South Morang</address>
        <description>South Morang</description>
        <styleUrl>#icon-1899-FF5252</styleUrl>
      </Placemark>
      <Placemark>
        <name>14 Marigold Street</name>
        <address>14 Marigold Street South Morang</address>
        <description>South Morang</description>
        <styleUrl>#icon-1899-FF5252</styleUrl>
      </Placemark>
      <Placemark>
        <name>4 Cuckoo Street</name>
        <address>4 Cuckoo Street South Morang</address>
        <description>South Morang</description>
        <styleUrl>#icon-1899-FF5252</styleUrl>
      </Placemark>
      <Placemark>
        <name>9 George Street</name>
        <address>9 George Street Spotswood</address>
        <description>Spotswood</description>
        <styleUrl>#icon-1899-FF5252</styleUrl>
      </Placemark>
      <Placemark>
        <name>18 McNeilage Street</name>
        <address>18 McNeilage Street Spotswood</address>
        <description>Spotswood</description>
        <styleUrl>#icon-1899-FF5252</styleUrl>
      </Placemark>
      <Placemark>
        <name>1/10 Steel Street</name>
        <address>1/10 Steel Street Spotswood</address>
        <description>Spotswood</description>
        <styleUrl>#icon-1899-FF5252</styleUrl>
      </Placemark>
      <Placemark>
        <name>23 Vernier Street</name>
        <address>23 Vernier Street Spotswood</address>
        <description>Spotswood</description>
        <styleUrl>#icon-1899-FF5252</styleUrl>
      </Placemark>
      <Placemark>
        <name>33 Lawson Street</name>
        <address>33 Lawson Street Spring Gully</address>
        <description>Spring Gully</description>
        <styleUrl>#icon-1899-FF5252</styleUrl>
      </Placemark>
      <Placemark>
        <name>6 Somerset Esplanade</name>
        <address>6 Somerset Esplanade Somerset</address>
        <description>Somerset</description>
        <styleUrl>#icon-1899-FF5252</styleUrl>
      </Placemark>
      <Placemark>
        <name>4 Magnus Street</name>
        <address>4 Magnus Street St Albans</address>
        <description>St Albans</description>
        <styleUrl>#icon-1899-FF5252</styleUrl>
      </Placemark>
      <Placemark>
        <name>21 Godfrey Avenue</name>
        <address>21 Godfrey Avenue St Kilda East</address>
        <description>St Kilda East</description>
        <styleUrl>#icon-1899-FF5252</styleUrl>
      </Placemark>
      <Placemark>
        <name>12 Windsor Avenue</name>
        <address>12 Windsor Avenue Strathmore</address>
        <description>Strathmore</description>
        <styleUrl>#icon-1899-FF5252</styleUrl>
      </Placemark>
      <Placemark>
        <name>11 Sassafras Court, Sunbury</name>
        <address>11 Sassafras Court, Sunbury Sunbury</address>
        <description>Sunbury</description>
        <styleUrl>#icon-1899-FF5252</styleUrl>
      </Placemark>
      <Placemark>
        <name>150 Gap Rd, Sunbury</name>
        <address>150 Gap Rd, Sunbury Sunbury</address>
        <description>Sunbury</description>
        <styleUrl>#icon-1899-FF5252</styleUrl>
      </Placemark>
      <Placemark>
        <name>242 Elizabeth Drive</name>
        <address>242 Elizabeth Drive Sunbury</address>
        <description>Sunbury</description>
        <styleUrl>#icon-1899-FF5252</styleUrl>
      </Placemark>
      <Placemark>
        <name>36 Lalor Crescent, Sunbury, VIC</name>
        <address>36 Lalor Crescent, Sunbury, VIC Sunbury</address>
        <description>Sunbury</description>
        <styleUrl>#icon-1899-FF5252</styleUrl>
      </Placemark>
      <Placemark>
        <name>310 Elizabeth Drive, Sunbury</name>
        <address>310 Elizabeth Drive, Sunbury Sunbury</address>
        <description>Sunbury</description>
        <styleUrl>#icon-1899-FF5252</styleUrl>
      </Placemark>
      <Placemark>
        <name>194 Mitchells Lane, Sunbury</name>
        <address>194 Mitchells Lane, Sunbury Sunbury</address>
        <description>Sunbury</description>
        <styleUrl>#icon-1899-FF5252</styleUrl>
      </Placemark>
      <Placemark>
        <name>3/77 Barkly St, Sunbury</name>
        <address>3/77 Barkly St, Sunbury Sunbury</address>
        <description>Sunbury</description>
        <styleUrl>#icon-1899-FF5252</styleUrl>
      </Placemark>
      <Placemark>
        <name>9 Dulverton Court</name>
        <address>9 Dulverton Court Sunbury</address>
        <description>Sunbury</description>
        <styleUrl>#icon-1899-FF5252</styleUrl>
      </Placemark>
      <Placemark>
        <name>11 Meldrum Court</name>
        <address>11 Meldrum Court Sunbury</address>
        <description>Sunbury</description>
        <styleUrl>#icon-1899-FF5252</styleUrl>
      </Placemark>
      <Placemark>
        <name>87 Sorbonne</name>
        <address>87 Sorbonne Sunbury</address>
        <description>Sunbury</description>
        <styleUrl>#icon-1899-FF5252</styleUrl>
      </Placemark>
      <Placemark>
        <name>7 Casey Avenue</name>
        <address>7 Casey Avenue Sunbury</address>
        <description>Sunbury</description>
        <styleUrl>#icon-1899-FF5252</styleUrl>
      </Placemark>
      <Placemark>
        <name>8 Thyra Street</name>
        <address>8 Thyra Street Sunshine</address>
        <description>Sunshine</description>
        <styleUrl>#icon-1899-FF5252</styleUrl>
      </Placemark>
      <Placemark>
        <name>370 Hampshire Crescent</name>
        <address>370 Hampshire Crescent Sunshine</address>
        <description>Sunshine</description>
        <styleUrl>#icon-1899-FF5252</styleUrl>
      </Placemark>
      <Placemark>
        <name>3-11 Market Road</name>
        <address>3-11 Market Road Sunshine</address>
        <description>Sunshine</description>
        <styleUrl>#icon-1899-FF5252</styleUrl>
      </Placemark>
      <Placemark>
        <name>97 Ridgeway Parade</name>
        <address>97 Ridgeway Parade Sunshine West</address>
        <description>Sunshine West</description>
        <styleUrl>#icon-1899-FF5252</styleUrl>
      </Placemark>
      <Placemark>
        <name>18 Gregg Street</name>
        <address>18 Gregg Street Swan Hill</address>
        <description>Swan Hill</description>
        <styleUrl>#icon-1899-FF5252</styleUrl>
      </Placemark>
      <Placemark>
        <name>20 Cobham Avenue</name>
        <address>20 Cobham Avenue Swan Hill</address>
        <description>Swan Hill</description>
        <styleUrl>#icon-1899-FF5252</styleUrl>
      </Placemark>
      <Placemark>
        <name>70a Gray Street</name>
        <address>70a Gray Street Swann Hill</address>
        <description>Swann Hill</description>
        <styleUrl>#icon-1899-FF5252</styleUrl>
      </Placemark>
      <Placemark>
        <name>2 Ralph St, St Albans</name>
        <address>2 Ralph St, St Albans Syt Albans</address>
        <description>Syt Albans</description>
        <styleUrl>#icon-1899-FF5252</styleUrl>
      </Placemark>
      <Placemark>
        <name>500 Upper Goulburn Road</name>
        <address>500 Upper Goulburn Road Tallarook</address>
        <description>Tallarook</description>
        <styleUrl>#icon-1899-FF5252</styleUrl>
      </Placemark>
      <Placemark>
        <name>12 Meath Avenue</name>
        <address>12 Meath Avenue Taroona</address>
        <description>Taroona</description>
        <styleUrl>#icon-1899-FF5252</styleUrl>
      </Placemark>
      <Placemark>
        <name>1 Lytham Court</name>
        <address>1 Lytham Court Tatura</address>
        <description>Tatura</description>
        <styleUrl>#icon-1899-FF5252</styleUrl>
      </Placemark>
      <Placemark>
        <name>94 Atheldene Dr</name>
        <address>94 Atheldene Dr St Albans</address>
        <description>St Albans</description>
        <styleUrl>#icon-1899-FF5252</styleUrl>
      </Placemark>
      <Placemark>
        <name>6 Drummoyne Terrace</name>
        <address>6 Drummoyne Terrace Taylors Hill</address>
        <description>Taylors Hill</description>
        <styleUrl>#icon-1899-FF5252</styleUrl>
      </Placemark>
      <Placemark>
        <name>4 Thomson Way</name>
        <address>4 Thomson Way Taylors Hill</address>
        <description>Taylors Hill</description>
        <styleUrl>#icon-1899-FF5252</styleUrl>
      </Placemark>
      <Placemark>
        <name>3 Rubicon Ave</name>
        <address>3 Rubicon Ave Taylors Hill</address>
        <description>Taylors Hill</description>
        <styleUrl>#icon-1899-FF5252</styleUrl>
      </Placemark>
      <Placemark>
        <name>16 Goulburn Way</name>
        <address>16 Goulburn Way Taylors Lakes</address>
        <description>Taylors Lakes</description>
        <styleUrl>#icon-1899-FF5252</styleUrl>
      </Placemark>
      <Placemark>
        <name>11 Dena Court</name>
        <address>11 Dena Court Templestowe</address>
        <description>Templestowe</description>
        <styleUrl>#icon-1899-FF5252</styleUrl>
      </Placemark>
      <Placemark>
        <name>5 Smith Road</name>
        <address>5 Smith Road The Gurdies</address>
        <description>The Gurdies</description>
        <styleUrl>#icon-1899-FF5252</styleUrl>
      </Placemark>
      <Placemark>
        <name>37 Central Ave</name>
        <address>37 Central Ave Thomastown</address>
        <description>Thomastown</description>
        <styleUrl>#icon-1899-FF5252</styleUrl>
      </Placemark>
      <Placemark>
        <name>22 Chappell Street</name>
        <address>22 Chappell Street Thomastown</address>
        <description>Thomastown</description>
        <styleUrl>#icon-1899-FF5252</styleUrl>
      </Placemark>
      <Placemark>
        <name>16 Leslie Street</name>
        <address>16 Leslie Street Thomastown</address>
        <description>Thomastown</description>
        <styleUrl>#icon-1899-FF5252</styleUrl>
      </Placemark>
      <Placemark>
        <name>6 Pioneer Court</name>
        <address>6 Pioneer Court Thomastown</address>
        <description>Thomastown</description>
        <styleUrl>#icon-1899-FF5252</styleUrl>
      </Placemark>
      <Placemark>
        <name>56 Commercial Drive</name>
        <address>56 Commercial Drive South Morang</address>
        <description>South Morang</description>
        <styleUrl>#icon-1899-FF5252</styleUrl>
      </Placemark>
      <Placemark>
        <name>4 Cuckoo Street</name>
        <address>4 Cuckoo Street South Morang</address>
        <description>South Morang</description>
        <styleUrl>#icon-1899-FF5252</styleUrl>
      </Placemark>
      <Placemark>
        <name>9 George Street</name>
        <address>9 George Street Spotswood</address>
        <description>Spotswood</description>
        <styleUrl>#icon-1899-FF5252</styleUrl>
      </Placemark>
      <Placemark>
        <name>18 McNeilage Street</name>
        <address>18 McNeilage Street Spotswood</address>
        <description>Spotswood</description>
        <styleUrl>#icon-1899-FF5252</styleUrl>
      </Placemark>
      <Placemark>
        <name>1/10 Steel Street</name>
        <address>1/10 Steel Street Spotswood</address>
        <description>Spotswood</description>
        <styleUrl>#icon-1899-FF5252</styleUrl>
      </Placemark>
      <Placemark>
        <name>23 Vernier Street</name>
        <address>23 Vernier Street Spotswood</address>
        <description>Spotswood</description>
        <styleUrl>#icon-1899-FF5252</styleUrl>
      </Placemark>
      <Placemark>
        <name>33 Lawson Street</name>
        <address>33 Lawson Street Spring Gully</address>
        <description>Spring Gully</description>
        <styleUrl>#icon-1899-FF5252</styleUrl>
      </Placemark>
      <Placemark>
        <name>94 Atheldene Dr</name>
        <address>94 Atheldene Dr St Albans</address>
        <description>St Albans</description>
        <styleUrl>#icon-1899-FF5252</styleUrl>
      </Placemark>
      <Placemark>
        <name>4 Magnus Street</name>
        <address>4 Magnus Street St Albans</address>
        <description>St Albans</description>
        <styleUrl>#icon-1899-FF5252</styleUrl>
      </Placemark>
      <Placemark>
        <name>21 Godfrey Avenue</name>
        <address>21 Godfrey Avenue St Kilda East</address>
        <description>St Kilda East</description>
        <styleUrl>#icon-1899-FF5252</styleUrl>
      </Placemark>
      <Placemark>
        <name>12 Windsor Avenue</name>
        <address>12 Windsor Avenue Strathmore</address>
        <description>Strathmore</description>
        <styleUrl>#icon-1899-FF5252</styleUrl>
      </Placemark>
      <Placemark>
        <name>11 Sassafras Court, Sunbury</name>
        <address>11 Sassafras Court, Sunbury Sunbury</address>
        <description>Sunbury</description>
        <styleUrl>#icon-1899-FF5252</styleUrl>
      </Placemark>
      <Placemark>
        <name>150 Gap Rd, Sunbury</name>
        <address>150 Gap Rd, Sunbury Sunbury</address>
        <description>Sunbury</description>
        <styleUrl>#icon-1899-FF5252</styleUrl>
      </Placemark>
      <Placemark>
        <name>242 Elizabeth Drive</name>
        <address>242 Elizabeth Drive Sunbury</address>
        <description>Sunbury</description>
        <styleUrl>#icon-1899-FF5252</styleUrl>
      </Placemark>
      <Placemark>
        <name>36 Lalor Crescent, Sunbury, VIC</name>
        <address>36 Lalor Crescent, Sunbury, VIC Sunbury</address>
        <description>Sunbury</description>
        <styleUrl>#icon-1899-FF5252</styleUrl>
      </Placemark>
      <Placemark>
        <name>310 Elizabeth Drive, Sunbury</name>
        <address>310 Elizabeth Drive, Sunbury Sunbury</address>
        <description>Sunbury</description>
        <styleUrl>#icon-1899-FF5252</styleUrl>
      </Placemark>
      <Placemark>
        <name>194 Mitchells Lane, Sunbury</name>
        <address>194 Mitchells Lane, Sunbury Sunbury</address>
        <description>Sunbury</description>
        <styleUrl>#icon-1899-FF5252</styleUrl>
      </Placemark>
      <Placemark>
        <name>3/77 Barkly St, Sunbury</name>
        <address>3/77 Barkly St, Sunbury Sunbury</address>
        <description>Sunbury</description>
        <styleUrl>#icon-1899-FF5252</styleUrl>
      </Placemark>
      <Placemark>
        <name>9 Dulverton Court</name>
        <address>9 Dulverton Court Sunbury</address>
        <description>Sunbury</description>
        <styleUrl>#icon-1899-FF5252</styleUrl>
      </Placemark>
      <Placemark>
        <name>11 Meldrum Court</name>
        <address>11 Meldrum Court Sunbury</address>
        <description>Sunbury</description>
        <styleUrl>#icon-1899-FF5252</styleUrl>
      </Placemark>
      <Placemark>
        <name>87 Sorbonne</name>
        <address>87 Sorbonne Sunbury</address>
        <description>Sunbury</description>
        <styleUrl>#icon-1899-FF5252</styleUrl>
      </Placemark>
      <Placemark>
        <name>7 Casey Avenue</name>
        <address>7 Casey Avenue Sunbury</address>
        <description>Sunbury</description>
        <styleUrl>#icon-1899-FF5252</styleUrl>
      </Placemark>
      <Placemark>
        <name>8 Thyra Street</name>
        <address>8 Thyra Street Sunshine</address>
        <description>Sunshine</description>
        <styleUrl>#icon-1899-FF5252</styleUrl>
      </Placemark>
      <Placemark>
        <name>370 Hampshire Crescent</name>
        <address>370 Hampshire Crescent Sunshine</address>
        <description>Sunshine</description>
        <styleUrl>#icon-1899-FF5252</styleUrl>
      </Placemark>
      <Placemark>
        <name>3-11 Market Road</name>
        <address>3-11 Market Road Sunshine</address>
        <description>Sunshine</description>
        <styleUrl>#icon-1899-FF5252</styleUrl>
      </Placemark>
      <Placemark>
        <name>97 Ridgeway Parade</name>
        <address>97 Ridgeway Parade Sunshine West</address>
        <description>Sunshine West</description>
        <styleUrl>#icon-1899-FF5252</styleUrl>
      </Placemark>
      <Placemark>
        <name>18 Gregg Street</name>
        <address>18 Gregg Street Swan Hill</address>
        <description>Swan Hill</description>
        <styleUrl>#icon-1899-FF5252</styleUrl>
      </Placemark>
      <Placemark>
        <name>20 Cobham Avenue</name>
        <address>20 Cobham Avenue Swan Hill</address>
        <description>Swan Hill</description>
        <styleUrl>#icon-1899-FF5252</styleUrl>
      </Placemark>
      <Placemark>
        <name>1455 Murchison-Tatura Road</name>
        <address>1455 Murchison-Tatura Road Tatura</address>
        <description>Tatura</description>
        <styleUrl>#icon-1899-FF5252</styleUrl>
      </Placemark>
      <Placemark>
        <name>2 Ralph St, St Albans</name>
        <address>2 Ralph St, St Albans Syt Albans</address>
        <description>Syt Albans</description>
        <styleUrl>#icon-1899-FF5252</styleUrl>
      </Placemark>
      <Placemark>
        <name>500 Upper Goulburn Road</name>
        <address>500 Upper Goulburn Road Tallarook</address>
        <description>Tallarook</description>
        <styleUrl>#icon-1899-FF5252</styleUrl>
      </Placemark>
      <Placemark>
        <name>12 Meath Avenue</name>
        <address>12 Meath Avenue Taroona</address>
        <description>Taroona</description>
        <styleUrl>#icon-1899-FF5252</styleUrl>
      </Placemark>
      <Placemark>
        <name>1 Lytham Court</name>
        <address>1 Lytham Court Tatura</address>
        <description>Tatura</description>
        <styleUrl>#icon-1899-FF5252</styleUrl>
      </Placemark>
      <Placemark>
        <name>1455 Murchison-Tatura Road</name>
        <address>1455 Murchison-Tatura Road Tatura</address>
        <description>Tatura</description>
        <styleUrl>#icon-1899-FF5252</styleUrl>
      </Placemark>
      <Placemark>
        <name>6 Drummoyne Terrace</name>
        <address>6 Drummoyne Terrace Taylors Hill</address>
        <description>Taylors Hill</description>
        <styleUrl>#icon-1899-FF5252</styleUrl>
      </Placemark>
      <Placemark>
        <name>4 Thomson Way</name>
        <address>4 Thomson Way Taylors Hill</address>
        <description>Taylors Hill</description>
        <styleUrl>#icon-1899-FF5252</styleUrl>
      </Placemark>
      <Placemark>
        <name>3 Rubicon Ave</name>
        <address>3 Rubicon Ave Taylors Hill</address>
        <description>Taylors Hill</description>
        <styleUrl>#icon-1899-FF5252</styleUrl>
      </Placemark>
      <Placemark>
        <name>16 Goulburn Way</name>
        <address>16 Goulburn Way Taylors Lakes</address>
        <description>Taylors Lakes</description>
        <styleUrl>#icon-1899-FF5252</styleUrl>
      </Placemark>
      <Placemark>
        <name>11 Dena Court</name>
        <address>11 Dena Court Templestowe</address>
        <description>Templestowe</description>
        <styleUrl>#icon-1899-FF5252</styleUrl>
      </Placemark>
      <Placemark>
        <name>5 Smith Road</name>
        <address>5 Smith Road The Gurdies</address>
        <description>The Gurdies</description>
        <styleUrl>#icon-1899-FF5252</styleUrl>
      </Placemark>
      <Placemark>
        <name>37 Central Ave</name>
        <address>37 Central Ave Thomastown</address>
        <description>Thomastown</description>
        <styleUrl>#icon-1899-FF5252</styleUrl>
      </Placemark>
      <Placemark>
        <name>16 Leslie Street</name>
        <address>16 Leslie Street Thomastown</address>
        <description>Thomastown</description>
        <styleUrl>#icon-1899-FF5252</styleUrl>
      </Placemark>
      <Placemark>
        <name>6 Pioneer Court</name>
        <address>6 Pioneer Court Thomastown</address>
        <description>Thomastown</description>
        <styleUrl>#icon-1899-FF5252</styleUrl>
      </Placemark>
      <Placemark>
        <name>1 Uplands Place</name>
        <address>1 Uplands Place Thomastown</address>
        <description>Thomastown</description>
        <styleUrl>#icon-1899-FF5252</styleUrl>
      </Placemark>
      <Placemark>
        <name>278 Rossmoyne Street</name>
        <address>278 Rossmoyne Street Thornbury</address>
        <description>Thornbury</description>
        <styleUrl>#icon-1899-FF5252</styleUrl>
      </Placemark>
      <Placemark>
        <name>242 Rossmoyne Street</name>
        <address>242 Rossmoyne Street Thornbury</address>
        <description>Thornbury</description>
        <styleUrl>#icon-1899-FF5252</styleUrl>
      </Placemark>
      <Placemark>
        <name>31A Gooch Street</name>
        <address>31A Gooch Street Thornbury</address>
        <description>Thornbury</description>
        <styleUrl>#icon-1899-FF5252</styleUrl>
      </Placemark>
      <Placemark>
        <name>13 Toorak Ave</name>
        <address>13 Toorak Ave Toorak</address>
        <description>Toorak</description>
        <styleUrl>#icon-1899-FF5252</styleUrl>
      </Placemark>
      <Placemark>
        <name>69 Lansell Road</name>
        <address>69 Lansell Road Toorak</address>
        <description>Toorak</description>
        <styleUrl>#icon-1899-FF5252</styleUrl>
      </Placemark>
      <Placemark>
        <name>70a Gray Street</name>
        <address>70a Gray Street Swann Hill</address>
        <description>Swann Hill</description>
        <styleUrl>#icon-1899-FF5252</styleUrl>
      </Placemark>
      <Placemark>
        <name>18 Warra Street</name>
        <address>18 Warra Street Toorak</address>
        <description>Toorak</description>
        <styleUrl>#icon-1899-FF5252</styleUrl>
      </Placemark>
      <Placemark>
        <name>13 Pacific Drive</name>
        <address>13 Pacific Drive Torquay</address>
        <description>Torquay</description>
        <styleUrl>#icon-1899-FF5252</styleUrl>
      </Placemark>
      <Placemark>
        <name>2/3 Elm Grove Court</name>
        <address>2/3 Elm Grove Court Traralgon</address>
        <description>Traralgon</description>
        <styleUrl>#icon-1899-FF5252</styleUrl>
      </Placemark>
      <Placemark>
        <name>26 Allen Crescent</name>
        <address>26 Allen Crescent Traralgon</address>
        <description>Traralgon</description>
        <styleUrl>#icon-1899-FF5252</styleUrl>
      </Placemark>
      <Placemark>
        <name>Dalkeith Age Care Home</name>
        <address>Dalkeith Age Care Home Traralgon</address>
        <description>Traralgon</description>
        <styleUrl>#icon-1899-FF5252</styleUrl>
      </Placemark>
      <Placemark>
        <name>Unit 55 49-53 Hazelwood Road</name>
        <address>Unit 55 49-53 Hazelwood Road Traralgon</address>
        <description>Traralgon</description>
        <styleUrl>#icon-1899-FF5252</styleUrl>
      </Placemark>
      <Placemark>
        <name>Unit 15 49-53 Hazelwood Road</name>
        <address>Unit 15 49-53 Hazelwood Road Traralgon</address>
        <description>Traralgon</description>
        <styleUrl>#icon-1899-FF5252</styleUrl>
      </Placemark>
      <Placemark>
        <name>Unit 30 49-53 Hazelwood Road</name>
        <address>Unit 30 49-53 Hazelwood Road Traralgon</address>
        <description>Traralgon</description>
        <styleUrl>#icon-1899-FF5252</styleUrl>
      </Placemark>
      <Placemark>
        <name>3 Glencoe Ave Trauganina.</name>
        <address>3 Glencoe Ave Trauganina. Trauganina.</address>
        <description>Trauganina.</description>
        <styleUrl>#icon-1899-FF5252</styleUrl>
      </Placemark>
      <Placemark>
        <name>22 New World Avenue</name>
        <address>22 New World Avenue Trevallyn</address>
        <description>Trevallyn</description>
        <styleUrl>#icon-1899-FF5252</styleUrl>
      </Placemark>
      <Placemark>
        <name>8 Sissinghurst Street</name>
        <address>8 Sissinghurst Street Truganina</address>
        <description>Truganina</description>
        <styleUrl>#icon-1899-FF5252</styleUrl>
      </Placemark>
      <Placemark>
        <name>16 Amity Way, Truganina</name>
        <address>16 Amity Way, Truganina Truganina</address>
        <description>Truganina</description>
        <styleUrl>#icon-1899-FF5252</styleUrl>
      </Placemark>
      <Placemark>
        <name>632 Toorak Road</name>
        <address>632 Toorak Road Toorak</address>
        <description>Toorak</description>
        <styleUrl>#icon-1899-FF5252</styleUrl>
      </Placemark>
      <Placemark>
        <name>4 Effie Avenue</name>
        <address>4 Effie Avenue Upwey</address>
        <description>Upwey</description>
        <styleUrl>#icon-1899-FF5252</styleUrl>
      </Placemark>
      <Placemark>
        <name>19/12 Short Street</name>
        <address>19/12 Short Street Vermont</address>
        <description>Vermont</description>
        <styleUrl>#icon-1899-FF5252</styleUrl>
      </Placemark>
      <Placemark>
        <name>17 Baird Street</name>
        <address>17 Baird Street Violet Town</address>
        <description>Violet Town</description>
        <styleUrl>#icon-1899-FF5252</styleUrl>
      </Placemark>
      <Placemark>
        <name>211 Wattlevale Rd</name>
        <address>211 Wattlevale Rd Walla Walla</address>
        <description>Walla Walla</description>
        <styleUrl>#icon-1899-FF5252</styleUrl>
      </Placemark>
      <Placemark>
        <name>22 Forbes Boulevard</name>
        <address>22 Forbes Boulevard Wallan</address>
        <description>Wallan</description>
        <styleUrl>#icon-1899-FF5252</styleUrl>
      </Placemark>
      <Placemark>
        <name>2 MacDonald Close</name>
        <address>2 MacDonald Close Wallan</address>
        <description>Wallan</description>
        <styleUrl>#icon-1899-FF5252</styleUrl>
      </Placemark>
      <Placemark>
        <name>40 Alexander Avenue, Wallan</name>
        <address>40 Alexander Avenue, Wallan Wallan</address>
        <description>Wallan</description>
        <styleUrl>#icon-1899-FF5252</styleUrl>
      </Placemark>
      <Placemark>
        <name>9 Franklin Close</name>
        <address>9 Franklin Close Wallan</address>
        <description>Wallan</description>
        <styleUrl>#icon-1899-FF5252</styleUrl>
      </Placemark>
      <Placemark>
        <name>18 Floyd Ave</name>
        <address>18 Floyd Ave Wangaratta</address>
        <description>Wangaratta</description>
        <styleUrl>#icon-1899-FF5252</styleUrl>
      </Placemark>
      <Placemark>
        <name>17-19 Valdoris Avenue</name>
        <address>17-19 Valdoris Avenue Wangaratta</address>
        <description>Wangaratta</description>
        <styleUrl>#icon-1899-FF5252</styleUrl>
      </Placemark>
      <Placemark>
        <name>28 Roxburgh Road</name>
        <address>28 Roxburgh Road Wantirna</address>
        <description>Wantirna</description>
        <styleUrl>#icon-1899-FF5252</styleUrl>
      </Placemark>
      <Placemark>
        <name>Unit 1 280 Wantirna Road</name>
        <address>Unit 1 280 Wantirna Road Wantirna</address>
        <description>Wantirna</description>
        <styleUrl>#icon-1899-FF5252</styleUrl>
      </Placemark>
      <Placemark>
        <name>5 Lewis Road</name>
        <address>5 Lewis Road Wantirna South</address>
        <description>Wantirna South</description>
        <styleUrl>#icon-1899-FF5252</styleUrl>
      </Placemark>
      <Placemark>
        <name>Unit 14, 2 Old Stud Road</name>
        <address>Unit 14, 2 Old Stud Road Wantirna South</address>
        <description>Wantirna South</description>
        <styleUrl>#icon-1899-FF5252</styleUrl>
      </Placemark>
      <Placemark>
        <name>5 Downshire Close</name>
        <address>5 Downshire Close Wantirna South</address>
        <description>Wantirna South</description>
        <styleUrl>#icon-1899-FF5252</styleUrl>
      </Placemark>
      <Placemark>
        <name>41 Sylphide Way</name>
        <address>41 Sylphide Way Wantirna South</address>
        <description>Wantirna South</description>
        <styleUrl>#icon-1899-FF5252</styleUrl>
      </Placemark>
      <Placemark>
        <name>55 Flannery Court</name>
        <address>55 Flannery Court Warrandyte</address>
        <description>Warrandyte</description>
        <styleUrl>#icon-1899-FF5252</styleUrl>
      </Placemark>
      <Placemark>
        <name>6 Leena Court</name>
        <address>6 Leena Court Warranwood</address>
        <description>Warranwood</description>
        <styleUrl>#icon-1899-FF5252</styleUrl>
      </Placemark>
      <Placemark>
        <name>102 Boes Road</name>
        <address>102 Boes Road Tyabb</address>
        <description>Tyabb</description>
        <styleUrl>#icon-1899-FF5252</styleUrl>
      </Placemark>
      <Placemark>
        <name>5 Prymslea Court</name>
        <address>5 Prymslea Court Warrnambool</address>
        <description>Warrnambool</description>
        <styleUrl>#icon-1899-FF5252</styleUrl>
      </Placemark>
      <Placemark>
        <name>59 Meakin Street</name>
        <address>59 Meakin Street Watsonia North</address>
        <description>Watsonia North</description>
        <styleUrl>#icon-1899-FF5252</styleUrl>
      </Placemark>
      <Placemark>
        <name>10 Essex St</name>
        <address>10 Essex St Wendouree</address>
        <description>Wendouree</description>
        <styleUrl>#icon-1899-FF5252</styleUrl>
      </Placemark>
      <Placemark>
        <name>13 Halbert Street</name>
        <address>13 Halbert Street Wendouree</address>
        <description>Wendouree</description>
        <styleUrl>#icon-1899-FF5252</styleUrl>
      </Placemark>
      <Placemark>
        <name>1 Carbon Court</name>
        <address>1 Carbon Court Werribee</address>
        <description>Werribee</description>
        <styleUrl>#icon-1899-FF5252</styleUrl>
      </Placemark>
      <Placemark>
        <name>15 Thompson Court</name>
        <address>15 Thompson Court Werribee</address>
        <description>Werribee</description>
        <styleUrl>#icon-1899-FF5252</styleUrl>
      </Placemark>
      <Placemark>
        <name>153 Werribee Street North</name>
        <address>153 Werribee Street North Werribee</address>
        <description>Werribee</description>
        <styleUrl>#icon-1899-FF5252</styleUrl>
      </Placemark>
      <Placemark>
        <name>10 Centennial Street,</name>
        <address>10 Centennial Street, West Footscray</address>
        <description>West Footscray</description>
        <styleUrl>#icon-1899-FF5252</styleUrl>
      </Placemark>
      <Placemark>
        <name>18 LLoyd Street</name>
        <address>18 LLoyd Street West Wodonga</address>
        <description>West Wodonga</description>
        <styleUrl>#icon-1899-FF5252</styleUrl>
      </Placemark>
      <Placemark>
        <name>43 Melrose Drive</name>
        <address>43 Melrose Drive West Wodonga</address>
        <description>West Wodonga</description>
        <styleUrl>#icon-1899-FF5252</styleUrl>
      </Placemark>
      <Placemark>
        <name>125 Dexter Street</name>
        <address>125 Dexter Street Westbury</address>
        <description>Westbury</description>
        <styleUrl>#icon-1899-FF5252</styleUrl>
      </Placemark>
      <Placemark>
        <name>58 Strickland Drive</name>
        <address>58 Strickland Drive Wheelers Hill</address>
        <description>Wheelers Hill</description>
        <styleUrl>#icon-1899-FF5252</styleUrl>
      </Placemark>
      <Placemark>
        <name>2 Sean Close</name>
        <address>2 Sean Close Wheelers Hill</address>
        <description>Wheelers Hill</description>
        <styleUrl>#icon-1899-FF5252</styleUrl>
      </Placemark>
      <Placemark>
        <name>9 Llex Ave</name>
        <address>9 Llex Ave Warrnambool</address>
        <description>Warrnambool</description>
        <styleUrl>#icon-1899-FF5252</styleUrl>
      </Placemark>
      <Placemark>
        <name>467 Napier Street</name>
        <address>467 Napier Street White Hills</address>
        <description>White Hills</description>
        <styleUrl>#icon-1899-FF5252</styleUrl>
      </Placemark>
      <Placemark>
        <name>10 Montgomery Crescent</name>
        <address>10 Montgomery Crescent White Hills</address>
        <description>White Hills</description>
        <styleUrl>#icon-1899-FF5252</styleUrl>
      </Placemark>
      <Placemark>
        <name>19 Sherwin Street</name>
        <address>19 Sherwin Street Whittlesea</address>
        <description>Whittlesea</description>
        <styleUrl>#icon-1899-FF5252</styleUrl>
      </Placemark>
      <Placemark>
        <name>27 John Street</name>
        <address>27 John Street Williamstown</address>
        <description>Williamstown</description>
        <styleUrl>#icon-1899-FF5252</styleUrl>
      </Placemark>
      <Placemark>
        <name>43 Railway Crescent</name>
        <address>43 Railway Crescent Williamstown</address>
        <description>Williamstown</description>
        <styleUrl>#icon-1899-FF5252</styleUrl>
      </Placemark>
      <Placemark>
        <name>20 Tobruk Crescent</name>
        <address>20 Tobruk Crescent Williamstown</address>
        <description>Williamstown</description>
        <styleUrl>#icon-1899-FF5252</styleUrl>
      </Placemark>
      <Placemark>
        <name>181 Osborne Street</name>
        <address>181 Osborne Street Williamstown</address>
        <description>Williamstown</description>
        <styleUrl>#icon-1899-FF5252</styleUrl>
      </Placemark>
      <Placemark>
        <name>179 Osborne Street</name>
        <address>179 Osborne Street Williamstown</address>
        <description>Williamstown</description>
        <styleUrl>#icon-1899-FF5252</styleUrl>
      </Placemark>
      <Placemark>
        <name>37 Albert Street</name>
        <address>37 Albert Street Williamstown</address>
        <description>Williamstown</description>
        <styleUrl>#icon-1899-FF5252</styleUrl>
      </Placemark>
      <Placemark>
        <name>10 Smith Street</name>
        <address>10 Smith Street Williamstown</address>
        <description>Williamstown</description>
        <styleUrl>#icon-1899-FF5252</styleUrl>
      </Placemark>
      <Placemark>
        <name>10/98 Railway Place</name>
        <address>10/98 Railway Place Williamstown</address>
        <description>Williamstown</description>
        <styleUrl>#icon-1899-FF5252</styleUrl>
      </Placemark>
      <Placemark>
        <name>18 Macqurie Street</name>
        <address>18 Macqurie Street Williamstown</address>
        <description>Williamstown</description>
        <styleUrl>#icon-1899-FF5252</styleUrl>
      </Placemark>
      <Placemark>
        <name>10/98 Railway Place</name>
        <address>10/98 Railway Place Williamstown</address>
        <description>Williamstown</description>
        <styleUrl>#icon-1899-FF5252</styleUrl>
      </Placemark>
      <Placemark>
        <name>56A Morris Street</name>
        <address>56A Morris Street Williamstown</address>
        <description>Williamstown</description>
        <styleUrl>#icon-1899-FF5252</styleUrl>
      </Placemark>
      <Placemark>
        <name>34 Victoria Street</name>
        <address>34 Victoria Street Williamstown</address>
        <description>Williamstown</description>
        <styleUrl>#icon-1899-FF5252</styleUrl>
      </Placemark>
      <Placemark>
        <name>120 Kororoit Creek Road</name>
        <address>120 Kororoit Creek Road Williamstown North</address>
        <description>Williamstown North</description>
        <styleUrl>#icon-1899-FF5252</styleUrl>
      </Placemark>
      <Placemark>
        <name>Unit 4 69 Park Crescent</name>
        <address>Unit 4 69 Park Crescent Williamstown North</address>
        <description>Williamstown North</description>
        <styleUrl>#icon-1899-FF5252</styleUrl>
      </Placemark>
      <Placemark>
        <name>35 Lewisham Rd, Windsor,</name>
        <address>35 Lewisham Rd, Windsor, Windsor</address>
        <description>Windsor</description>
        <styleUrl>#icon-1899-FF5252</styleUrl>
      </Placemark>
      <Placemark>
        <name>11 Prague Avenue</name>
        <address>11 Prague Avenue Wodonga</address>
        <description>Wodonga</description>
        <styleUrl>#icon-1899-FF5252</styleUrl>
      </Placemark>
      <Placemark>
        <name>2 Corrimbla Avenue</name>
        <address>2 Corrimbla Avenue Wollert</address>
        <description>Wollert</description>
        <styleUrl>#icon-1899-FF5252</styleUrl>
      </Placemark>
      <Placemark>
        <name>30 Belinda Crescent</name>
        <address>30 Belinda Crescent Wheelers Hill</address>
        <description>Wheelers Hill</description>
        <styleUrl>#icon-1899-FF5252</styleUrl>
      </Placemark>
      <Placemark>
        <name>15 Packham Place</name>
        <address>15 Packham Place Wonga ParkWonga Park</address>
        <description>Wonga ParkWonga Park</description>
        <styleUrl>#icon-1899-FF5252</styleUrl>
      </Placemark>
      <Placemark>
        <name>13 Clitheroe Drive</name>
        <address>13 Clitheroe Drive Wyndham Vale</address>
        <description>Wyndham Vale</description>
        <styleUrl>#icon-1899-FF5252</styleUrl>
      </Placemark>
      <Placemark>
        <name>27 Carmichael Drive</name>
        <address>27 Carmichael Drive Wyndham Vale</address>
        <description>Wyndham Vale</description>
        <styleUrl>#icon-1899-FF5252</styleUrl>
      </Placemark>
      <Placemark>
        <name>5 Woods Street</name>
        <address>5 Woods Street Yaapeet</address>
        <description>Yaapeet</description>
        <styleUrl>#icon-1899-FF5252</styleUrl>
      </Placemark>
      <Placemark>
        <name>329 Francis Street</name>
        <address>329 Francis Street Yarraville</address>
        <description>Yarraville</description>
        <styleUrl>#icon-1899-FF5252</styleUrl>
      </Placemark>
      <Placemark>
        <name>31 Woods Road</name>
        <address>31 Woods Road Yarrawonga</address>
        <description>Yarrawonga</description>
        <styleUrl>#icon-1899-FF5252</styleUrl>
      </Placemark>
      <Placemark>
        <name>6 Albert Street</name>
        <address>6 Albert Street Yinnar</address>
        <description>Yinnar</description>
        <styleUrl>#icon-1899-FF5252</styleUrl>
      </Placemark>
      <Placemark>
        <name>16 Bangalay Rise</name>
        <address>16 Bangalay Rise Wollert</address>
        <description>Wollert</description>
        <styleUrl>#icon-1899-FF5252</styleUrl>
      </Placemark>
    </Folder>
  </Document>
</kml>
